    -- Disable foreign key checks
    SET foreign_key_checks = 0;

    TRUNCATE TABLE Continent;
    TRUNCATE TABLE Staff_role;
    TRUNCATE TABLE Experience_level;
    TRUNCATE TABLE Ticket_type;
    TRUNCATE TABLE Payment_method;
    TRUNCATE TABLE Stage;
    TRUNCATE TABLE Location;
    TRUNCATE TABLE Festival;
    TRUNCATE TABLE Event;
    TRUNCATE TABLE Artist;
    TRUNCATE TABLE Band;
    TRUNCATE TABLE Belongs_to;
    TRUNCATE TABLE Performs;
    TRUNCATE TABLE Performance;
    TRUNCATE TABLE Visitor;
    TRUNCATE TABLE Ticket;
    TRUNCATE TABLE Resale_Buyer;
    TRUNCATE TABLE Resale_Queue;
    TRUNCATE TABLE Demand_Queue;
    TRUNCATE TABLE Staff;
    -- Reenable foreign key checks
    SET foreign_key_checks = 1;


    -- Populate Continent Table
    INSERT INTO Continent (continent_id, name)
    VALUES 
    (1, 'Africa'),
    (2, 'Antarctica'),
    (3, 'Asia'),
    (4, 'Europe'),
    (5, 'North America'),
    (6, 'Australia'),
    (7, 'South America');

    -- Populate Staff role Table
    INSERT INTO Staff_role (staff_role_id, name)
    VALUES
    (1, 'Technical_staff'),
    (2, 'Security Staff'),
    (3, 'Support Staff');

    -- Populate Experience level Table
    INSERT INTO Experience_level (experience_id, name)
    VALUES
    (1, 'Trainee'),
    (2, 'Beginner'),
    (3, 'Intermediate'),
    (4, 'Experienced'),
    (5, 'Highly Experienced');

    INSERT INTO Staff (staff_id, name, age, staff_role_id, experience_id, photo_url, photo_description)
    VALUES
    (1, 'Nikos Papadopoulos', 32, 1, 4, 'http://dummyimage.com/200x100.png/007bff/ffffff', 'Nikos handling stage lighting.'),
    (2, 'Maria Kosta', 29, 2, 3, 'http://dummyimage.com/200x100.png/ff4444/ffffff', 'Maria overseeing crowd safety.'),
    (3, 'Giorgos Ioannidis', 41, 3, 5, 'http://dummyimage.com/200x100.png/28a745/ffffff', 'Giorgos supporting ticket logistics.'),
    (4, 'Eleni Dimitriou', 26, 1, 2, 'http://dummyimage.com/200x100.png/6f42c1/ffffff', 'Eleni working with sound systems.'),
    (5, 'Christos Vasileiou', 35, 2, 4, 'http://dummyimage.com/200x100.png/ffc107/000000', 'Christos checking event perimeter.'),
    (6, 'Anna Nikolaou', 30, 3, 3, 'http://dummyimage.com/200x100.png/cc0000/ffffff', 'Anna guiding visitors at entry.'),
    (7, 'Dimitris Antoniou', 27, 1, 3, 'http://dummyimage.com/200x100.png/dddddd/000000', 'Dimitris setting up stage gear.'),
    (8, 'Sofia Kallergi', 24, 2, 2, 'http://dummyimage.com/200x100.png/007bff/ffffff', 'Sofia stationed near emergency exits.'),
    (9, 'Vasilis Theodorou', 38, 3, 4, 'http://dummyimage.com/200x100.png/5fa2dd/ffffff', 'Vasilis organizing artist transportation.'),
    (10, 'Ioanna Georgiou', 31, 1, 5, 'http://dummyimage.com/200x100.png/28a745/ffffff', 'Ioanna directing stage transitions.'),
    (11, 'Kostas Zervos', 44, 2, 5, 'http://dummyimage.com/200x100.png/6f42c1/ffffff', 'Kostas managing crowd control.'),
    (12, 'Georgia Laskari', 22, 3, 1, 'http://dummyimage.com/200x100.png/ffc107/000000', 'Georgia assisting at information point.'),
    (13, 'Manos Spanos', 36, 1, 4, 'http://dummyimage.com/200x100.png/cc0000/ffffff', 'Manos supervising stage setup.'),
    (14, 'Vicky Papageorgiou', 25, 3, 2, 'http://dummyimage.com/200x100.png/dddddd/000000', 'Vicky helping artists backstage.'),
    (15, 'Lefteris Kaldis', 28, 2, 3, 'http://dummyimage.com/200x100.png/007bff/ffffff', 'Lefteris coordinating with medical team.'),
    (16, 'Eleni Papadaki', 29, 1, 3, 'https://dummyimage.com/100x100.png/5fa2dd/ffffff', 'Technical staff on mixer.'),
    (17, 'Kostas Vrettos', 35, 2, 4, 'https://dummyimage.com/100x100.png/007bff/ffffff', 'Security on front gate.'),
    (18, 'Maria Kanelopoulou', 24, 3, 2, 'https://dummyimage.com/100x100.png/ff4444/ffffff', 'Helping staff assisting with tickets.'),
    (19, 'Nikos Karalis', 42, 1, 5, 'https://dummyimage.com/100x100.png/28a745/ffffff', 'Sound engineer in main stage.'),
    (20, 'Ioanna Panou', 31, 2, 3, 'https://dummyimage.com/100x100.png/6f42c1/ffffff', 'Security on backstage entry.'),
    (21, 'Dimitris Tzanetos', 22, 3, 1, 'https://dummyimage.com/100x100.png/ffc107/000000', 'Entry control assistant.'),
    (22, 'Angeliki Moutafi', 38, 2, 5, 'https://dummyimage.com/100x100.png/cc0000/ffffff', 'Head of security team.'),
    (23, 'Panagiotis Leventis', 27, 3, 2, 'https://dummyimage.com/100x100.png/dddddd/000000', 'Helping staff in info kiosk.'),
    (24, 'Anna Georgiou', 34, 1, 4, 'https://dummyimage.com/100x100.png/5fa2dd/ffffff', 'Tech support for lighting systems.'),
    (25, 'Christos Theodorou', 45, 2, 4, 'https://dummyimage.com/100x100.png/007bff/ffffff', 'Senior security personnel.'),
    (26, 'Niki Vassiliou', 28, 3, 3, 'https://dummyimage.com/100x100.png/28a745/ffffff', 'Volunteer staff coordination.'),
    (27, 'George Mavros', 33, 1, 3, 'https://dummyimage.com/100x100.png/ff4444/ffffff', 'Stage technician.'),
    (28, 'Eirini Antoniou', 26, 3, 2, 'https://dummyimage.com/100x100.png/6f42c1/ffffff', 'Merchandise stand support.'),
    (29, 'Petros Daskalakis', 36, 2, 5, 'https://dummyimage.com/100x100.png/ffc107/000000', 'Security perimeter patrol.'),
    (30, 'Olga Chatzi', 30, 3, 3, 'https://dummyimage.com/100x100.png/cc0000/ffffff', 'Guest support for special needs.'),
    (31, 'Leonidas Fragos', 40, 1, 5, 'https://dummyimage.com/100x100.png/dddddd/000000', 'Head technical supervisor.'),
    (32, 'Nina Katsaros', 28, 3, 1, 'http://dummyimage.com/100x100.png?text=Nina', 'Support staff with logistics experience'),
    (33, 'Petros Makris', 35, 3, 2, 'http://dummyimage.com/100x100.png?text=Petros', 'Experienced in backstage setup'),
    (34, 'Eleni Georgiou', 26, 3, 1, 'http://dummyimage.com/100x100.png?text=Eleni', 'Quick responder for artist needs'),
    (35, 'Giorgos Alexiou', 40, 2, 3, 'http://dummyimage.com/100x100.png?text=Giorgos', 'Security veteran, crowd control expert'),
    (36, 'Maria Lambrou', 31, 2, 2, 'http://dummyimage.com/100x100.png?text=Maria', 'Trained in safety protocols'),
    (37, 'Andreas Kritikos', 30, 3, 2, 'http://dummyimage.com/100x100.png?text=Andreas', 'Skilled in artist liaison duties'),
    (38, 'Sofia Michail', 24, 3, 1, 'http://dummyimage.com/100x100.png?text=Sofia', 'Volunteer support experience'),
    (39, 'Dimitris Pavlidis', 33, 3, 3, 'http://dummyimage.com/100x100.png?text=Dimitris', 'Senior support logistics lead'),
    (40, 'Ioanna Zervou', 29, 2, 2, 'http://dummyimage.com/100x100.png?text=Ioanna', 'Good communicator, emergency trained'),
    (41, 'Kostas Theodorou', 36, 2, 3, 'http://dummyimage.com/100x100.png?text=Kostas', 'Head of perimeter security'),
    (42, 'Christina Valavani', 27, 3, 2, 'http://dummyimage.com/100x100.png?text=Christina', 'Multilingual support runner'),
    (43, 'Vasilis Karalis', 34, 2, 2, 'http://dummyimage.com/100x100.png?text=Vasilis', 'Strong presence in stage security'),
    (44, 'Foteini Spanou', 25, 3, 1, 'http://dummyimage.com/100x100.png?text=Foteini', 'Energetic and detail-oriented'),
    (45, 'Aris Mantzios', 38, 2, 3, 'http://dummyimage.com/100x100.png?text=Aris', 'Ex-police officer, leads night shifts'),
    (46, 'Despina Tzani', 32, 3, 2, 'http://dummyimage.com/100x100.png?text=Despina', 'Handles artist schedules and errands'),
    (47, 'Manos Kalogerakis', 30, 2, 2, 'http://dummyimage.com/100x100.png?text=Manos', 'Security tech and surveillance team'),
    (48, 'Marios Lykos', 39, 2, 4, 'http://dummyimage.com/100x100.png?text=Marios', 'Security lead for main entrance.'),
    (49, 'Elena Stathi', 26, 3, 2, 'http://dummyimage.com/100x100.png?text=Elena', 'Support staff for artist zone logistics.'),
    (50, 'Nikos Arvanitis', 34, 2, 3, 'http://dummyimage.com/100x100.png?text=NikosA', 'Handles security coordination between stages.'),
    (51, 'Dora Michalaki', 28, 3, 1, 'http://dummyimage.com/100x100.png?text=Dora', 'Volunteer assisting with artist hospitality.'),
    (52, 'Christos Rentis', 37, 2, 5, 'http://dummyimage.com/100x100.png?text=Christos', 'Specialized in emergency planning.'),
    (53, 'Katerina Melidi', 29, 3, 3, 'http://dummyimage.com/100x100.png?text=Katerina', 'Assists with stage scheduling and coordination.'),
    (54, 'Panagiotis Tsoukalas', 41, 2, 4, 'http://dummyimage.com/100x100.png?text=Panagiotis', 'Trained in high-risk crowd control.'),
    (55, 'Eirini Zisi', 23, 3, 1, 'http://dummyimage.com/100x100.png?text=Eirini', 'Stage-side support staff for prop handling.'),
    (56, 'Alexandros Karras', 32, 2, 3, 'http://dummyimage.com/100x100.png?text=Alexandros', 'Security staff for artist-only areas.'),
    (57, 'Vicky Mavroudi', 30, 3, 2, 'http://dummyimage.com/100x100.png?text=Vicky', 'Assistant for artist transfer logistics.'),
    (58, 'Themis Papas', 35, 2, 5, 'http://dummyimage.com/100x100.png?text=Themis', 'Senior crowd management advisor.'),
    (59, 'Dionysia Fragkou', 27, 3, 2, 'http://dummyimage.com/100x100.png?text=Dionysia', 'Support for audience assistance and info.'),
    (60, 'Giorgos Milonas', 29, 2, 3, 'http://dummyimage.com/100x100.png?text=GiorgosM', 'Night shift perimeter security.'),
    (61, 'Thalia Kosma', 25, 3, 1, 'http://dummyimage.com/100x100.png?text=Thalia', 'Support runner between dressing rooms.'),
    (62, 'Spyros Lianos', 31, 2, 4, 'http://dummyimage.com/100x100.png?text=Spyros', 'Security for restricted tech zones.'),
    (63, 'Eva Stogianni', 33, 3, 2, 'http://dummyimage.com/100x100.png?text=Eva', 'Hospitality coordination for performing artists.'),
    (64, 'Antonis Vrettos', 30, 2, 3, 'http://dummyimage.com/100x100.png?text=Antonis', 'Perimeter control during headline events.'),
    (65, 'Daphne Papalexi', 27, 3, 2, 'http://dummyimage.com/100x100.png?text=Daphne', 'Handles artist hospitality pre-show.'),
    (66, 'Michalis Tsagas', 40, 1, 5, 'http://dummyimage.com/100x100.png?text=Michalis', 'Sound technician for large stages.'),
    (67, 'Georgia Kalfa', 33, 3, 3, 'http://dummyimage.com/100x100.png?text=Georgia', 'Support staff at central help desk.'),
    (68, 'Lazaros Kokkalis', 38, 2, 4, 'http://dummyimage.com/100x100.png?text=Lazaros', 'Night patrol shift coordinator.'),
    (69, 'Eleni Mavrou', 26, 1, 2, 'http://dummyimage.com/100x100.png?text=EleniM', 'Lighting technician assistant.'),
    (70, 'Stefanos Rallis', 31, 3, 2, 'http://dummyimage.com/100x100.png?text=Stefanos', 'Works with artist transport scheduling.'),
    (71, 'Xenia Karidi', 29, 2, 3, 'http://dummyimage.com/100x100.png?text=Xenia', 'Assigned to backstage access control.'),
    (72, 'Haris Grivas', 36, 1, 4, 'http://dummyimage.com/100x100.png?text=Haris', 'Stage lighting supervisor.'),
    (73, 'Niki Tsouma', 25, 3, 1, 'http://dummyimage.com/100x100.png?text=Niki', 'Volunteer booth support.'),
    (74, 'Alexis Diamantis', 34, 2, 3, 'http://dummyimage.com/100x100.png?text=Alexis', 'Head of gate 3 security.'),
    (75, 'Maria Stratou', 32, 3, 2, 'http://dummyimage.com/100x100.png?text=MariaS', 'Coordinates food vendor access.'),
    (76, 'Vaggelis Kapos', 29, 1, 3, 'http://dummyimage.com/100x100.png?text=Vaggelis', 'Monitors sound quality live.'),
    (77, 'Christina Galani', 24, 3, 1, 'http://dummyimage.com/100x100.png?text=ChristinaG', 'Info point for accessibility services.'),
    (78, 'Kostas Raptis', 35, 2, 4, 'http://dummyimage.com/100x100.png?text=Raptis', 'Specialized in crisis protocols.'),
    (79, 'Eva Lampri', 28, 3, 2, 'http://dummyimage.com/100x100.png?text=EvaL', 'On-call support for artist assistants.'),
    (80, 'Nikos Koliopoulos', 41, 1, 5, 'http://dummyimage.com/100x100.png?text=Koliopoulos', 'Stage tech lead for synth stages.'),
    (81, 'Fani Nikou', 30, 3, 2, 'http://dummyimage.com/100x100.png?text=Fani', 'Support during late night transitions.'),
    (82, 'Yannis Oikonomou', 33, 2, 3, 'http://dummyimage.com/100x100.png?text=Oikonomou', 'Foot patrol lead for north area.'),
    (83, 'Despina Markou', 26, 3, 1, 'http://dummyimage.com/100x100.png?text=DespinaM', 'Helps visitors with special access needs.'),
    (84, 'Thanos Delis', 37, 1, 4, 'http://dummyimage.com/100x100.png?text=Thanos', 'Sets up A/V equipment daily.'),
    (85, 'Iro Vafeiadou', 29, 2, 2, 'http://dummyimage.com/100x100.png?text=Iro', 'Frontline security for entrance queues.'),
    (86, 'Panos Lelekas', 31, 3, 3, 'http://dummyimage.com/100x100.png?text=PanosL', 'Coordinates transport to venues.'),
    (87, 'Athina Katsarou', 27, 2, 2, 'http://dummyimage.com/100x100.png?text=AthinaK', 'Monitors VIP zone boundaries.'),
    (88, 'Giannis Mylonas', 39, 1, 5, 'http://dummyimage.com/100x100.png?text=Mylonas', 'Lead electrician for high voltage gear.'),
    (89, 'Zoi Moustaka', 25, 3, 1, 'http://dummyimage.com/100x100.png?text=ZoiM', 'Artist liaison for acoustic acts.'),
    (90, 'Tasos Vardas', 32, 2, 3, 'http://dummyimage.com/100x100.png?text=Vardas', 'Security support on drone control zone.'),
    (91, 'Anna Stamataki', 30, 3, 2, 'http://dummyimage.com/100x100.png?text=Stamataki', 'Visitor coordination at campgrounds.'),
    (92, 'Giorgos Ladas', 36, 1, 4, 'http://dummyimage.com/100x100.png?text=Ladas', 'Main stage technical coordinator.'),
    (93, 'Elina Chrysou', 28, 2, 2, 'http://dummyimage.com/100x100.png?text=Elina', 'Entrance security badge check.'),
    (94, 'Kostas Anestis', 34, 2, 4, 'http://dummyimage.com/100x100.png?text=Anestis', 'Security shuttle coordinator.'),
    (95, 'Vasiliki Menti', 23, 3, 1, 'http://dummyimage.com/100x100.png?text=Vasiliki', 'Info desk volunteer near lake stage.'),
    (96, 'Stratos Vasilakis', 33, 2, 3, 'http://dummyimage.com/100x100.png?text=Stratos', 'Emergency response assistant.'),
    (97, 'Ioannis Kalafatis', 38, 1, 5, 'http://dummyimage.com/100x100.png?text=Kalafatis', 'Live stream technician supervisor.'),
    (98, 'Rania Deli', 24, 3, 1, 'http://dummyimage.com/100x100.png?text=Rania', 'Helping with artist merch logistics.'),
    (99, 'Fotis Alexandris', 40, 2, 5, 'http://dummyimage.com/100x100.png?text=Fotis', 'Senior night shift lead.'),
    (100, 'Eleni Roussou', 27, 3, 2, 'http://dummyimage.com/100x100.png?text=EleniR', 'Crowd support in food court area.');

    
    -- Populate Ticket_type Table
    INSERT INTO Ticket_type (ticket_type_id, name)
    VALUES
    (1, 'VIP'),
    (2, 'General'),
    (3, 'Backstage');

    -- Populate Payment_method Table
    INSERT INTO Payment_method (payment_method_id, name)
    VALUES
    (1, 'Credit Card'),
    (2, 'Debit Card'),
    (3, 'Bank Transfer');

    /*Populate LookUp table Music genres*/
    INSERT INTO Music_genres(music_genre_id, name)
    VALUES
    (1, 'Electronic'),
    (2, 'Pop'),
    (3, 'Metal'),
    (4, 'Entexno'),
    (5, 'Laiko');

    /*Populate LookUp table Sub Music Genres*/
    INSERT INTO Sub_music_genres(sub_music_genre_id, name, music_genre_id)
    VALUES
    /*Electronic*/
    (1, 'Synthwave', 1),        
    (2, 'Indie Electronic', 1),
    (3, 'Trap', 1),
    /*Pop*/
    (4, 'Dance Pop', 2),       
    (5, 'Indie Pop', 2),
    (6, 'Electropop', 2),
    /*Metal*/
    (7, 'Heavy Metal', 3),      
    (8, 'Power Metal', 3),
    (9, 'Symphonic Metal', 3),
    /*Entexno*/
    (10, 'Modern Entexno', 4), 
    (11, 'Folk Entexno', 4),
    /*Laiko*/
    (12, 'Laiko-Pop', 5),       
    (13, 'Skyladiko', 5);


    /*Populate Stage Table (testing for question 2)*/
        INSERT INTO Stage (name, description, max_capacity, infos_technical_equipment, photo_url, photo_description)
        VALUES
        ('Main Stage', 'Biggest stage of the fest', 50, 'Lights, sound system, pyrotechnics', 'http://dummyimage.com/400x100.png', 'desc'),
        ('Electric Grove', 'High-tech stage with panoramic LED screens.', 40, 'Lights, lasers, subwoofers', 'http://dummyimage.com/206x100.png', 'Electric Grove setup with lights, lasers, subwoofers.'),
        ('Sunset Arena', 'Open air venue with stunning sunset views.', 90, 'Surround sound, moving head lights', 'http://dummyimage.com/172x100.png', 'Sunset Arena setup with surround sound, moving head lights.'),
        ('Bassline Bay', 'Perfect for bass-heavy performances.', 61, 'Basic setup with speakers and mics', 'http://dummyimage.com/169x100.png', 'Bassline Bay setup with basic setup with speakers and mics.'),
        ('Harmony Hill', 'Located on a hillside with great acoustics.', 69, 'LED wall, fog machines, DJ booth', 'http://dummyimage.com/156x100.png', 'Harmony Hill setup with led wall, fog machines, dj booth.'),
        ('Echo Grounds', 'Circular stage surrounded by echo walls.', 45, 'Dual projection, rotating stage', 'http://dummyimage.com/228x100.png', 'Echo Grounds setup with dual projection, rotating stage.'),
        ('Neon Nexus', 'Futuristic stage design with holograms.', 93, 'Flame projectors, bass cannons', 'http://dummyimage.com/181x100.png', 'Neon Nexus setup with flame projectors, bass cannons.'),
        ('Funk Fortress', 'Great for funk and dance music sets.', 79, 'RGB lighting, multi-mic system', 'http://dummyimage.com/212x100.png', 'Funk Fortress setup with rgb lighting, multi-mic system.'),
        ('Synth Summit', 'High-altitude stage with sweeping views.', 100, 'Silent disco capabilities', 'http://dummyimage.com/159x100.png', 'Synth Summit setup with silent disco capabilities.'),
        ('Groove Garden', 'Laid-back environment for chill sets.', 200, 'Digital mixing board, spotlights', 'http://dummyimage.com/220x100.png', 'Groove Garden setup with digital mixing board, spotlights.'),
        ('Vibe Valley', 'Surrounded by trees and natural acoustics.', 150, '4K video wall, auto-tracking cameras', 'http://dummyimage.com/178x100.png', 'Vibe Valley setup with 4k video wall, auto-tracking cameras.'),
        ('Melody Meadows', 'Meadow-based setup with open seating.', 140, 'Vinyl turntable ready, drum mics', 'http://dummyimage.com/189x100.png', 'Melody Meadows setup with vinyl turntable ready, drum mics.'),
        ('Pulse Pavilion', 'Large tent structure for central events.', 100, 'Bluetooth sync system', 'http://dummyimage.com/165x100.png', 'Pulse Pavilion setup with bluetooth sync system.'),
        ('Rhythm Ring', 'Circular ring with 360° audience view.', 100, '360° camera rig, surround audio', 'http://dummyimage.com/153x100.png', 'Rhythm Ring setup with 360° camera rig, surround audio.'),
        ('Tempo Tower', 'Tall structure with rotating lighting rig.', 72, 'Live streaming setup, green screen', 'http://dummyimage.com/178x100.png', 'Tempo Tower setup with live streaming setup, green screen.'),
        ('Soundwave Square', 'Large plaza ideal for electro-pop shows.', 60, 'Standard speaker grid', 'http://dummyimage.com/187x100.png', 'Soundwave Square setup with standard speaker grid.'),
        ('Treble Terrace', 'Tiered setup with excellent visibility.', 75, 'Laser mapping, visual effects rig', 'http://dummyimage.com/187x100.png', 'Treble Terrace setup with laser mapping, visual effects rig.'),
        ('Beat Bastion', 'Enclosed space for heavy bass shows.', 120, 'Full band setup with DI boxes', 'http://dummyimage.com/170x100.png', 'Beat Bastion setup with full band setup with di boxes.'),
        ('Chord Chamber', 'Minimalist layout for acoustic vibes.', 200, 'DJ controller, smoke jets', 'http://dummyimage.com/182x100.png', 'Chord Chamber setup with dj controller, smoke jets.'),
        ('Acoustic Alcove', 'Low-key corner stage near the entrance.', 140, 'Bass trap equipped structure', 'http://dummyimage.com/238x100.png', 'Acoustic Alcove setup with bass trap equipped structure.'),
        ('Resonance Ridge', 'Elevated ground surrounded by forest.', 150, 'Lightweight mobile stage', 'http://dummyimage.com/240x100.png', 'Resonance Ridge setup with lightweight mobile stage.'),
        ('Amplify Atrium', 'Wide open setup with enhanced sound.', 145, 'Hybrid acoustic-electric stage', 'http://dummyimage.com/198x100.png', 'Amplify Atrium setup with hybrid acoustic-electric stage.'),
        ('Frequency Field', 'Large field for massive audiences.', 160, 'Wireless mic network', 'http://dummyimage.com/162x100.png', 'Frequency Field setup with wireless mic network.'),
        ('Noise Nest', 'Underground bunker-themed layout.', 170, 'Reinforced flooring, moving lights', 'http://dummyimage.com/209x100.png', 'Noise Nest setup with reinforced flooring, moving lights.'),
        ('Stage Infinity', 'Hexagonal design with 6 exits.', 180, 'Crowd-facing monitors', 'http://dummyimage.com/198x100.png', 'Stage Infinity setup with crowd-facing monitors.'),
        ('Harmony Horizon', 'Open skyline stage.', 190, 'Rainproof roof, cable-free zone', 'http://dummyimage.com/167x100.png', 'Harmony Horizon setup with rainproof roof, cable-free zone.'),
        ('Pitch Plateau', 'Floating stage across lake.', 90, 'Live VJ integration', 'http://dummyimage.com/224x100.png', 'Pitch Plateau setup with live vj integration.'),
        ('Reverb Ridge', 'Natural amphitheater with rock backdrop.', 85, 'Looping FX modules', 'http://dummyimage.com/250x100.png', 'Reverb Ridge setup with looping fx modules.'),
        ('Drumline Dome', 'Dome covered in sound-absorbing panels.', 90, 'Strobe grid system', 'http://dummyimage.com/234x100.png', 'Drumline Dome setup with strobe grid system.'),
        ('Festival Frontier', 'Edge-of-venue spot for indie acts.', 95, 'Ambient light columns', 'http://dummyimage.com/245x100.png', 'Festival Frontier setup with ambient light columns.');


    -- Populate Location Table (15 values)
    INSERT INTO Location (address, city, longitude, latitude, country, continent_id, photo_url, photo_description)
    VALUES 
    ('79085 Ilene Pass', 'Malysheva', 61.3976419, 57.1101387, 'Russia', 3, 'http://dummyimage.com/187x100.png/dddddd/000000', 'Refreshing dessert bars made with pineapple and coconut.'),
    ('4305 Harbort Trail', 'Nyköping', 16.8555169, 58.7542973, 'Sweden', 4, 'http://dummyimage.com/172x100.png/5fa2dd/ffffff', 'Sweet and fruity peach preserves, perfect for spreading on toast.'),
    ('8906 Crownhardt Plaza', 'Balin', 104.964912, 24.541563, 'China', 3, 'http://dummyimage.com/233x100.png/dddddd/000000', 'Golden brown potato tots, crispy on the outside and fluffy inside.'),
    ('7 Atwood Place', 'Shiyuan', 116.2237499, 39.9542181, 'China', 3, 'http://dummyimage.com/151x100.png/cc0000/ffffff', 'Sleek wireless charging pad for smartphones.'),
    ('353 Summerview Court', 'Buenavista', -93.1569465, 16.7646627, 'Mexico', 5, 'http://dummyimage.com/144x100.png/dddddd/000000', 'Salty pretzels filled with creamy peanut butter.'),
    ('7 Lindbergh Lane', 'Orlando', -81.38, 28.54, 'United States', 5, 'http://dummyimage.com/170x100.png/ff4444/ffffff', 'GPS collar that monitors your pet''s location and activity level.'),
    ('1 New Castle Crossing', 'Guansheng', 113.668388, 23.104725, 'China', 3, 'http://dummyimage.com/216x100.png/5fa2dd/ffffff', 'Ready-to-eat salad with kale, lemon, and cheese.'),
    ('2438 Thierer Terrace', 'Zaprudnya', 37.4286044, 56.5637319, 'Russia', 3, 'http://dummyimage.com/217x100.png/ff4444/ffffff', 'A nutritious salad with quinoa and black beans'),
    ('41 Logan Center', 'Kanoya', 139.8816085, 36.6493964, 'Japan', 3, 'http://dummyimage.com/127x100.png/cc0000/ffffff', 'High-quality olive oil infused with fresh lemon zest.'),
    ('9573 South Crossing', 'Baxiangshan', 115.969501, 23.764143, 'China', 3, 'http://dummyimage.com/172x100.png/cc0000/ffffff', 'Durable and soft frisbee designed for dogs to play with.'),
    ('12 Rue de Rivoli', 'Paris', 2.352222, 48.856613, 'France', 4, 'http://dummyimage.com/200x100.png/007bff/ffffff', 'Elegant open-air location near the Seine River.'),
    ('121 Collins St', 'Melbourne', 144.963058, -37.813629, 'Australia', 6, 'http://dummyimage.com/200x100.png/28a745/ffffff', 'Downtown venue in the cultural heart of Melbourne.'),
    ('Plaza de Armas', 'Cusco', -71.968956, -13.53195, 'Peru', 7, 'http://dummyimage.com/200x100.png/ffc107/000000', 'Historic square surrounded by colonial architecture.'),
    ('1000 Burrard St', 'Vancouver', -123.1207, 49.2827, 'Canada', 5, 'http://dummyimage.com/200x100.png/6f42c1/ffffff', 'Modern riverside space ideal for outdoor concerts.'),
    ('Kenyatta Ave', 'Nairobi', 36.821946, -1.292066, 'Kenya', 1, 'http://dummyimage.com/200x100.png/dc3545/ffffff', 'Vibrant festival park in the heart of Nairobi.');

    -- Populate Festival Table (10 values, 2 for the future)
    INSERT INTO Festival (location_id, year, name, duration_days, photo_url, photo_description)
    VALUES
    (1, 2025, 'Global Beats Festival', 3, 'http://dummyimage.com/200x100.png/ff4444/ffffff', 'An eclectic music celebration in the heart of the city.'),
    (2, 2025, 'Sunset Soundscapes', 4, 'http://dummyimage.com/200x100.png/007bff/ffffff', 'Live electronic performances as the sun sets.'),
    (3, 2025, 'Jazz & Beyond', 2, 'http://dummyimage.com/200x100.png/5fa2dd/ffffff', 'A smooth experience filled with jazz and fusion.'),
    (4, 2025, 'Island Vibes Festival', 5, 'http://dummyimage.com/200x100.png/28a745/ffffff', 'Beachside music and culture fest.'),
    (5, 2025, 'Rhythm Nation', 3, 'http://dummyimage.com/200x100.png/ffc107/000000', 'A celebration of rhythms from across the globe.'),
    (6, 2025, 'Indie Rising', 2, 'http://dummyimage.com/200x100.png/6f42c1/ffffff', 'A showcase of upcoming indie talent.'),
    (7, 2025, 'Electro World', 3, 'http://dummyimage.com/200x100.png/cc0000/ffffff', 'Massive EDM stage experiences.'),
    (8, 2025, 'Folk Routes', 4, 'http://dummyimage.com/200x100.png/dc3545/ffffff', 'A journey through traditional and folk music.'),
    (9, 2026, 'Future Pulse', 5, 'http://dummyimage.com/200x100.png/dddddd/000000', 'Futuristic sound and immersive visual sets.'),
    (10, 2027, 'Unity Fest', 3, 'http://dummyimage.com/200x100.png/007bff/ffffff', 'A global unity celebration through music.'),
    (5, 2025, 'Unity Fest', 3, 'http://dummyimage.com/200x100.png/007bff/ffffff', 'A global unity celebration through music.');



    /*Populate Event Table (testing for question 2)*/
    INSERT INTO Event (event_id, festival_id, stage_id, event_name, event_date, duration, photo_url, photo_description)
    VALUES 
    (1, 1, 1, 'Rock Night', '2025-07-01', 5, 'http://dummyimage.com/200x100.png/ff4444/ffffff', 'An energetic rock music night.'),
    (2, 1, 2, 'Jazz Evening', '2025-07-02', 3, 'http://dummyimage.com/200x100.png/5fa2dd/ffffff', 'Smooth jazz with classic vibes.'),
    (3, 1, 3, 'Sunset Beats', '2025-07-03', 4, 'http://dummyimage.com/200x100.png/dddddd/000000', 'Chill EDM at sunset.'),
    (4, 2, 4, 'Electronic Dreams', '2025-07-04', 5, 'http://dummyimage.com/200x100.png/cc0000/ffffff', 'Futuristic electronic experience.'),
    (5, 2, 5, 'Acoustic Morning', '2025-07-05', 2, 'http://dummyimage.com/200x100.png/007bff/ffffff', 'Relaxing acoustic performance.'),
    (6, 3, 6, 'Indie Spirit', '2025-07-06', 3, 'http://dummyimage.com/200x100.png/28a745/ffffff', 'Rising indie bands showcase.'),
    (7, 3, 7, 'Night of Funk', '2025-07-07', 4, 'http://dummyimage.com/200x100.png/ffc107/000000', 'Funky grooves and moves.'),
    (8, 4, 8, 'Island Reggae', '2025-07-08', 5, 'http://dummyimage.com/200x100.png/6f42c1/ffffff', 'Reggae from the tropics.'),
    (9, 4, 9, 'Tropical Techno', '2025-07-09', 5, 'http://dummyimage.com/200x100.png/5fa2dd/ffffff', 'Techno by the beach.'),
    (10, 5, 10, 'Global Hip-Hop', '2025-07-10', 4, 'http://dummyimage.com/200x100.png/007bff/ffffff', 'Hip-hop from around the world.'),
    (11, 5, 11, 'Beat Cypher', '2025-07-11', 3, 'http://dummyimage.com/200x100.png/dddddd/000000', 'Rap battles and live beats.'),
    (12, 6, 12, 'Alternative Vibes', '2025-07-12', 3, 'http://dummyimage.com/200x100.png/ff4444/ffffff', 'Alternative rock performances.'),
    (13, 6, 13, 'Indie Chill', '2025-07-13', 3, 'http://dummyimage.com/200x100.png/28a745/ffffff', 'Relaxed indie sounds.'),
    (14, 7, 14, 'EDM Explosion', '2025-07-14', 5, 'http://dummyimage.com/200x100.png/6f42c1/ffffff', 'High-energy EDM night.'),
    (15, 7, 15, 'Trance Therapy', '2025-07-15', 4, 'http://dummyimage.com/200x100.png/5fa2dd/ffffff', 'Healing trance sets.'),
    (16, 8, 16, 'Folk Heritage', '2025-07-16', 3, 'http://dummyimage.com/200x100.png/ffc107/000000', 'Traditional folk music.'),
    (17, 8, 17, 'Cultural Fusion', '2025-07-17', 4, 'http://dummyimage.com/200x100.png/007bff/ffffff', 'Fusion of world music styles.'),
    (18, 9, 18, 'Future Beats', '2026-09-14', 5, 'http://dummyimage.com/200x100.png/dddddd/000000', 'Experimental future soundscapes.'),
    (19, 9, 19, 'VR DJ Set', '2026-09-15', 5, 'http://dummyimage.com/200x100.png/cc0000/ffffff', 'Virtual reality DJ experience.'),
    (20, 10, 20, 'Unity Sound', '2027-06-10', 4, 'http://dummyimage.com/200x100.png/5fa2dd/ffffff', 'A celebration of global harmony.'),
    (21, 1, 21, 'Punk Riot', '2025-07-18', 3, 'http://dummyimage.com/200x100.png/ff4444/ffffff', 'Loud and raw punk performances.'),
    (22, 1, 22, 'Symphony Sunset', '2025-07-19', 4, 'http://dummyimage.com/200x100.png/5fa2dd/ffffff', 'Classical music during golden hour.'),
    (23, 2, 23, 'Techno Tunnel', '2025-07-20', 5, 'http://dummyimage.com/200x100.png/dddddd/000000', 'Immersive techno tunnel rave.'),
    (24, 2, 24, 'Soul Sunday', '2025-07-21', 3, 'http://dummyimage.com/200x100.png/ffc107/000000', 'Soothing soul vocals and rhythm.'),
    (25, 3, 25, 'Hard Rock Heaven', '2025-07-22', 4, 'http://dummyimage.com/200x100.png/cc0000/ffffff', 'Heavy guitars and live pyros.'),
    (26, 3, 26, 'Urban Culture Jam', '2025-07-23', 5, 'http://dummyimage.com/200x100.png/007bff/ffffff', 'Street culture meets live beats.'),
    (27, 4, 27, 'Latin Fiesta', '2025-07-24', 5, 'http://dummyimage.com/200x100.png/28a745/ffffff', 'Latin music, salsa, and carnival vibes.'),
    (28, 4, 28, 'Tiki Tunes', '2025-07-25', 4, 'http://dummyimage.com/200x100.png/6f42c1/ffffff', 'Island-style acoustic and beats.'),
    (29, 5, 29, 'Trap Legends', '2025-07-26', 3, 'http://dummyimage.com/200x100.png/ff4444/ffffff', 'Best of trap and drill music.'),
    (30, 5, 30, 'Lyric Masters', '2025-07-27', 4, 'http://dummyimage.com/200x100.png/dddddd/000000', 'Focus on powerful lyrical delivery.'),
    (31, 6, 1, 'Neo-Soul Sessions', '2025-07-28', 3, 'http://dummyimage.com/200x100.png/007bff/ffffff', 'New soul artists perform live.'),
    (32, 6, 2, 'Indie Groove', '2025-07-29', 4, 'http://dummyimage.com/200x100.png/ffc107/000000', 'Indie pop and rock fusion night.'),
    (33, 7, 3, 'EDM Power Hour', '2025-07-30', 3, 'http://dummyimage.com/200x100.png/6f42c1/ffffff', 'Back-to-back DJ sets.'),
    (34, 7, 4, 'Digital Harmony', '2025-07-31', 4, 'http://dummyimage.com/200x100.png/cc0000/ffffff', 'AI-assisted music sessions.'),
    (35, 8, 5, 'Mountain Folk', '2025-08-01', 3, 'http://dummyimage.com/200x100.png/28a745/ffffff', 'Live folk from mountain regions.'),
    (36, 8, 6, 'Village Voices', '2025-08-02', 2, 'http://dummyimage.com/200x100.png/5fa2dd/ffffff', 'Traditional vocals and choirs.'),
    (37, 9, 7, 'Glitch Hop Madness', '2026-09-16', 5, 'http://dummyimage.com/200x100.png/dddddd/000000', 'Fast-paced glitch-hop night.'),
    (38, 9, 8, 'Sound Architects', '2026-09-17', 4, 'http://dummyimage.com/200x100.png/007bff/ffffff', 'Experimental music engineers.'),
    (39, 10, 9, 'Peace Parade', '2027-06-11', 4, 'http://dummyimage.com/200x100.png/ffc107/000000', 'Celebrating harmony and peace.'),
    (40, 10, 10, 'Voices of Unity', '2027-06-12', 3, 'http://dummyimage.com/200x100.png/6f42c1/ffffff', 'Diverse vocal groups unite.');

    -- Populate Works On Table -- 
    INSERT INTO Works_on (staff_id, stage_id, event_id) 
    VALUES
    (95, 1, 1),
    (46, 1, 1),
    (92, 1, 1),
    (58, 1, 1),
    (56, 1, 1),
    (12, 1, 1),
    (59, 1, 1),
    (69, 1, 1),
    (30, 1, 1),
    (16, 1, 1),
    (9, 1, 1),
    (56, 2, 2),
    (93, 2, 2),
    (76, 2, 2),
    (95, 2, 2),
    (23, 2, 2),
    (98, 2, 2),
    (85, 2, 2),
    (26, 2, 2),
    (80, 2, 2),
    (58, 2, 2),
    (90, 2, 2),
    (96, 2, 2),
    (11, 2, 2),
    (84, 2, 2),
    (41, 2, 2),
    (4, 2, 2),
    (9, 2, 2),
    (77, 2, 2),
    (24, 2, 2),
    (84, 3, 3),
    (5, 3, 3),
    (96, 3, 3),
    (60, 3, 3),
    (36, 3, 3),
    (30, 3, 3),
    (34, 4, 4),
    (69, 4, 4),
    (22, 4, 4),
    (98, 4, 4),
    (58, 4, 4),
    (91, 4, 4),
    (24, 4, 4),
    (39, 4, 4),
    (60, 5, 5),
    (8, 5, 5),
    (58, 5, 5),
    (90, 5, 5),
    (94, 5, 5),
    (59, 5, 5),
    (68, 5, 5),
    (84, 5, 5),
    (2, 5, 5),
    (91, 5, 5),
    (96, 5, 5),
    (70, 5, 5),
    (30, 5, 5),
    (83, 5, 5),
    (63, 5, 5),
    (9, 5, 5),
    (59, 6, 6),
    (7, 6, 6),
    (23, 6, 6),
    (93, 6, 6),
    (50, 6, 6),
    (58, 6, 6),
    (53, 6, 6),
    (78, 6, 6),
    (36, 7, 7),
    (85, 7, 7),
    (48, 7, 7),
    (50, 7, 7),
    (69, 7, 7),
    (68, 7, 7),
    (12, 7, 7),
    (22, 7, 7),
    (56, 7, 7),
    (49, 7, 7),
    (59, 7, 7),
    (11, 7, 7),
    (53, 7, 7),
    (9, 7, 7),
    (39, 7, 7),
    (30, 7, 7),
    (58, 8, 8),
    (70, 8, 8),
    (25, 8, 8),
    (27, 8, 8),
    (60, 8, 8),
    (20, 8, 8),
    (57, 8, 8),
    (65, 8, 8),
    (90, 8, 8),
    (80, 8, 8),
    (8, 8, 8),
    (68, 8, 8),
    (3, 8, 8),
    (79, 8, 8),
    (63, 8, 8),
    (47, 8, 8),
    (4, 8, 8),
    (72, 9, 9),
    (12, 9, 9),
    (84, 9, 9),
    (58, 9, 9),
    (50, 9, 9),
    (60, 9, 9),
    (20, 9, 9),
    (69, 9, 9),
    (36, 9, 9),
    (11, 9, 9),
    (65, 9, 9),
    (63, 9, 9),
    (29, 9, 9),
    (4, 9, 9),
    (77, 9, 9),
    (11, 10, 10),
    (2,10,10),
    (5,10,10),
    (8,10,10),
    (17,10,10),
    (91, 10, 10),
    (85, 10, 10),
    (26, 10, 10),
    (29, 10, 10),
    (9, 10, 10),
    (77, 10, 10),
    (52, 11, 11),
    (2,11,11),
    (5,11,11),
    (8,11,11),
    (11,11,11),
    (15,11,11),
    (17,11,11),
    (20,11,11),
    (3,11,11),
    (6,11,11),
    (69, 11, 11),
    (30, 11, 11),
    (58, 12, 12),
    (96, 12, 12),
    (12, 12, 12),
    (52, 12, 12),
    (27, 12, 12),
    (33, 12, 12),
    (76, 12, 12),
    (72, 12, 12),
    (59, 12, 12),
    (69, 12, 12),
    (8, 12, 12),
    (56, 12, 12),
    (49, 12, 12),
    (97, 12, 12),
    (29, 12, 12),
    (13, 12, 12),
    (63, 12, 12),
    (47, 12, 12),
    (93, 13, 13),
    (2,13,13),
    (94, 13, 13),
    (70, 13, 13),
    (18, 13, 13),
    (73, 13, 13),
    (20, 13, 13),
    (68, 13, 13),
    (80, 13, 13),
    (14, 13, 13),
    (63, 13, 13),
    (4, 13, 13),
    (68, 14, 14),
    (18, 14, 14),
    (98, 14, 14),
    (26, 14, 14),
    (46, 14, 14),
    (11, 14, 14),
    (23, 14, 14),
    (12, 14, 14),
    (91, 14, 14),
    (66, 14, 14),
    (52, 14, 14),
    (8, 14, 14),
    (25, 14, 14),
    (97, 14, 14),
    (83, 14, 14),
    (88, 14, 14),
    (4, 14, 14),
    (30, 14, 14),
    (25, 15, 15),
    (2, 15, 15),
    (90, 15, 15),
    (3,15,15),
    (62, 15, 15),
    (91, 16, 16),
    (34, 16, 16),
    (58, 16, 16),
    (80, 16, 16),
    (96, 16, 16),
    (50, 16, 16),
    (60, 16, 16),
    (49, 16, 16),
    (84, 16, 16),
    (26, 16, 16),
    (56, 16, 16),
    (14, 16, 16),
    (3, 16, 16),
    (54, 16, 16),
    (47, 16, 16),
    (90, 17, 17),
    (91, 17, 17),
    (68, 17, 17),
    (18, 17, 17),
    (66, 17, 17),
    (11, 17, 17),
    (52, 17, 17),
    (7, 17, 17),
    (8, 17, 17),
    (98, 17, 17),
    (58, 17, 17),
    (48, 17, 17),
    (95, 17, 17),
    (50, 17, 17),
    (79, 17, 17),
    (47, 17, 17),
    (87, 17, 17),
    (16, 17, 17),
    (41, 17, 17),
    (10, 18, 18),
    (59, 18, 18),
    (73, 18, 18),
    (52, 18, 18),
    (36, 18, 18),
    (12, 18, 18),
    (58, 18, 18),
    (57, 18, 18),
    (2, 18, 18),
    (90, 18, 18),
    (69, 18, 18),
    (94, 18, 18),
    (33, 18, 18),
    (47, 18, 18),
    (24, 18, 18),
    (19, 18, 18),
    (77, 18, 18),
    (54, 18, 18),
    (10, 19, 19),
    (18, 19, 19),
    (94, 19, 19),
    (90, 19, 19),
    (20, 19, 19),
    (84, 19, 19),
    (46, 19, 19),
    (72, 19, 19),
    (76, 19, 19),
    (49, 19, 19),
    (66, 19, 19),
    (63, 19, 19),
    (19, 19, 19),
    (3, 19, 19),
    (41, 19, 19),
    (73, 20, 20),
    (58, 20, 20),
    (56, 20, 20),
    (48, 20, 20),
    (54, 20, 20),
    (68, 21, 21),
    (76, 21, 21),
    (27, 21, 21),
    (2, 21, 21),
    (60, 21, 21),
    (80, 21, 21),
    (56, 21, 21),
    (49, 21, 21),
    (93, 21, 21),
    (9, 21, 21),
    (88, 21, 21),
    (78, 21, 21),
    (23, 22, 22),
    (93, 22, 22),
    (12, 22, 22),
    (48, 22, 22),
    (68, 22, 22),
    (73, 22, 22),
    (87, 22, 22),
    (77, 22, 22),
    (49, 23, 23),
    (68, 23, 23),
    (36, 23, 23),
    (23, 23, 23),
    (56, 23, 23),
    (10, 23, 23),
    (66, 23, 23),
    (50, 23, 23),
    (76, 23, 23),
    (45, 23, 23),
    (63, 23, 23),
    (16, 23, 23),
    (20, 24, 24),
    (84, 24, 24),
    (65, 24, 24),
    (19, 24, 24),
    (92, 25, 25),
    (90, 25, 25),
    (52, 25, 25),
    (34, 25, 25),
    (48, 25, 25),
    (58, 25, 25),
    (93, 25, 25),
    (95, 25, 25),
    (7, 25, 25),
    (23, 25, 25),
    (2, 25, 25),
    (63, 25, 25),
    (79, 25, 25),
    (83, 25, 25),
    (19, 25, 25),
    (98, 26, 26),
    (46, 26, 26),
    (20, 26, 26),
    (18, 26, 26),
    (76, 26, 26),
    (72, 26, 26),
    (93, 26, 26),
    (90, 26, 26),
    (70, 26, 26),
    (80, 26, 26),
    (47, 26, 26),
    (19, 26, 26),
    (3, 26, 26),
    (79, 26, 26),
    (84, 27, 27),
    (34, 27, 27),
    (25, 27, 27),
    (36, 27, 27),
    (58, 27, 27),
    (29, 27, 27),
    (16, 27, 27),
    (80, 28, 28),
    (96, 28, 28),
    (26, 28, 28),
    (27, 28, 28),
    (52, 28, 28),
    (84, 28, 28),
    (7, 28, 28),
    (92, 28, 28),
    (34, 28, 28),
    (90, 28, 28),
    (94, 28, 28),
    (10, 28, 28),
    (12, 28, 28),
    (16, 28, 28),
    (83, 28, 28),
    (29, 28, 28),
    (14, 28, 28),
    (54, 28, 28),
    (2, 29, 29),
    (27, 29, 29),
    (92, 29, 29),
    (95, 29, 29),
    (16, 29, 29),
    (7, 30, 30),
    (33, 30, 30),
    (66, 30, 30),
    (76, 30, 30),
    (8, 30, 30),
    (52, 30, 30),
    (60, 30, 30),
    (48, 30, 30),
    (90, 30, 30),
    (27, 30, 30),
    (26, 30, 30),
    (20, 30, 30),
    (92, 30, 30),
    (95, 30, 30),
    (73, 30, 30),
    (3, 30, 30),
    (29, 30, 30),
    (79, 30, 30),
    (83, 30, 30),
    (88, 30, 30),
    (63, 30, 30),
    (73, 1, 31),
    (90, 1, 31),
    (52, 1, 31),
    (20, 1, 31),
    (76, 1, 31),
    (98, 1, 31),
    (23, 1, 31),
    (58, 1, 31),
    (45, 1, 31),
    (14, 1, 31),
    (9, 1, 31),
    (18, 2, 32),
    (36, 2, 32),
    (46, 2, 32),
    (91, 2, 32),
    (34, 2, 32),
    (73, 2, 32),
    (57, 2, 32),
    (22, 2, 32),
    (96, 2, 32),
    (56, 2, 32),
    (65, 2, 32),
    (2, 2, 32),
    (25, 2, 32),
    (23, 2, 32),
    (41, 2, 32),
    (54, 2, 32),
    (87, 2, 32),
    (78, 2, 32),
    (39, 2, 32),
    (23, 3, 33),
    (59, 3, 33),
    (34, 3, 33),
    (7, 3, 33),
    (39, 3, 33),
    (66, 4, 34),
    (93, 4, 34),
    (57, 4, 34),
    (10, 4, 34),
    (8, 4, 34),
    (73, 4, 34),
    (45, 4, 34),
    (9, 4, 34),
    (18, 5, 35),
    (2, 5, 35),
    (33, 5, 35),
    (58, 5, 35),
    (26, 5, 35),
    (50, 5, 35),
    (57, 5, 35),
    (49, 5, 35),
    (96, 5, 35),
    (72, 5, 35),
    (80, 5, 35),
    (8, 5, 35),
    (51, 5, 35),
    (39, 5, 35),
    (78, 5, 35),
    (29, 5, 35),
    (49, 6, 36),
    (8, 6, 36),
    (46, 6, 36),
    (20, 6, 36),
    (34, 6, 36),
    (85, 6, 36),
    (24, 6, 36),
    (4, 6, 36),
    (50, 7, 37),
    (85, 7, 37),
    (94, 7, 37),
    (76, 7, 37),
    (23, 7, 37),
    (2, 7, 37),
    (90, 7, 37),
    (56, 7, 37),
    (59, 7, 37),
    (52, 7, 37),
    (22, 7, 37),
    (8, 7, 37),
    (63, 7, 37),
    (77, 7, 37),
    (14, 7, 37),
    (45, 7, 37),
    (34, 8, 38),
    (59, 8, 38),
    (33, 8, 38),
    (10, 8, 38),
    (93, 8, 38),
    (72, 8, 38),
    (80, 8, 38),
    (68, 8, 38),
    (27, 8, 38),
    (91, 8, 38),
    (50, 8, 38),
    (69, 8, 38),
    (39, 8, 38),
    (45, 8, 38),
    (54, 8, 38),
    (41, 8, 38),
    (9, 8, 38),
    (52, 9, 39),
    (56, 9, 39),
    (50, 9, 39),
    (95, 9, 39),
    (76, 9, 39),
    (10, 9, 39),
    (68, 9, 39),
    (46, 9, 39),
    (26, 9, 39),
    (8, 9, 39),
    (27, 9, 39),
    (45, 9, 39),
    (88, 9, 39),
    (19, 9, 39),
    (62, 9, 39),
    (59, 10, 40),
    (8, 10, 40),
    (20, 10, 40),
    (80, 10, 40),
    (34, 10, 40),
    (14, 10, 40),
    (47, 10, 40);


    /*Populate Performance Table (testing for question 2)*/
   INSERT INTO Artist (artist_id, name, nickname, birth_date, is_solo, website, instagram, photo_url, photo_description) 
   VALUES
    (1, 'Steven Rodriguez', 'Michael', '2004-03-07', FALSE, 'http://www.wang.com/', 'https://instagram.com/fowen', 'https://placekitten.com/990/994', 'Under join professor including bill.'),
    (2, 'Rachel Smith', 'Dakota', '1968-01-19', FALSE, 'https://www.murillo.biz/', 'https://instagram.com/benjamintaylor', 'https://dummyimage.com/770x298', 'Baby camera bed live organization during across.'),
    (3, 'Michael Evans', 'George', '1982-06-19', FALSE, 'https://lopez-walker.net/', 'https://instagram.com/ramirezadam', 'https://placeimg.com/508/66/any', 'Carry argue help education body.'),
    (4, 'Angel Williams', 'Stephen', '2000-08-13', FALSE, 'https://chase.com/', 'https://instagram.com/thompsonlee', 'https://placekitten.com/214/858', 'Citizen customer wind father writer.'),
    (5, 'Richard Gonzales', 'Tracey', '1994-09-01', FALSE,  'http://www.campbell.org/', 'https://instagram.com/wendy89', 'https://dummyimage.com/147x947', 'Country drop hundred fear professional military issue.'),
    (6, 'Hannah Reynolds', 'Terrance', '1983-06-09', FALSE,  'https://www.rodriguez.com/', 'https://instagram.com/kellymoore', 'https://placeimg.com/368/961/any', 'Admit win open appear.'),
    (7, 'Erik Valentine', 'Kevin', '2003-11-13', FALSE,  'http://www.joseph-martinez.com/', 'https://instagram.com/amymedina', 'https://dummyimage.com/183x172', 'Season kind sign street five player.'),
    (8, 'Alexandra Willis', 'Emily', '1982-03-10', FALSE,  'https://www.torres.com/', 'https://instagram.com/sara49', 'https://placeimg.com/540/122/any', 'Available lose foreign challenge media spring.'),
    (9, 'Jennifer Medina', 'Jesse', '1976-02-26', FALSE,  'http://miller-owens.com/', 'https://instagram.com/wmay', 'https://dummyimage.com/88x175', 'Tend official company share indicate.'),
    (10, 'Isaac Phillips', 'Christopher', '2003-12-31', FALSE,  'http://davis.com/', 'https://instagram.com/angela04', 'https://placeimg.com/327/837/any', 'Base should form opportunity.'),
    (11, 'Joseph Velazquez', 'Joshua', '1995-04-18', FALSE,  'http://schmitt.com/', 'https://instagram.com/gregory06', 'https://placeimg.com/706/388/any', 'Alone each in ask.'),
    (12, 'William Garner', 'Melanie', '1974-06-09', FALSE,  'https://www.petty.com/', 'https://instagram.com/vfarrell', 'https://dummyimage.com/77x697', 'Officer public indicate kind much plant.'),
    (13, 'Mark Martinez', 'Raymond', '1990-03-18', FALSE, 'http://miller-rodriguez.com/', 'https://instagram.com/jennifer10', 'https://dummyimage.com/356x788', 'Industry price respond north.'),
    (14, 'Patrick Hatfield', 'Leah', '1998-08-19', FALSE,  'http://www.harper.com/', 'https://instagram.com/elizabethzuniga', 'https://dummyimage.com/347x761', 'Owner suddenly suggest commercial.'),
    (15, 'Lisa Martin', 'Brian', '1967-10-16', FALSE, 'https://smith.biz/', 'https://instagram.com/bakercrystal', 'https://placeimg.com/547/709/any', 'Drop sell bag approach their.'),
    (16, 'Roger Hernandez', 'Nicholas', '1972-01-29', FALSE,  'http://ramirez-ashley.org/', 'https://instagram.com/ymcconnell', 'https://dummyimage.com/846x806', 'Congress machine agent west might wait option.'),
    (17, 'Jennifer Martinez', 'Blake', '1988-06-01', FALSE,  'https://tanner.com/', 'https://instagram.com/jesse39', 'https://www.lorempixel.com/234/849', 'Whatever left not describe.'),
    (18, 'Lori Carr', 'Ashley', '1985-08-16', FALSE,  'http://www.rodriguez.com/', 'https://instagram.com/tfox', 'https://placeimg.com/116/436/any', 'Stock be senior matter century.'),
    (19, 'Brittney Wright', 'Christopher', '1976-10-23', FALSE,  'http://www.bennett-rodriguez.com/', 'https://instagram.com/bowmanamanda', 'https://placekitten.com/317/295', 'Successful note loss beat lose voice.'),
    (20, 'Charles Smith', 'Kenneth', '1987-09-20', FALSE,  'https://woods.com/', 'https://instagram.com/bmaxwell', 'https://www.lorempixel.com/818/883', 'Never health generation.'),
    (21, 'Lisa Lam', 'Derek', '1985-02-07', FALSE,  'http://bell.com/', 'https://instagram.com/gibsonjennifer', 'https://dummyimage.com/586x884', 'Thus close fight style happen.'),
    (22, 'Barbara Meyer', 'Christopher', '1994-12-27', FALSE,  'https://www.woodard-stuart.com/', 'https://instagram.com/bmiles', 'https://placekitten.com/295/451', 'Heavy price popular college turn evidence.'),
    (23, 'Gail Sutton', 'Jose', '1982-02-16', FALSE,  'http://www.white.biz/', 'https://instagram.com/julianbarrett', 'https://placekitten.com/958/717', 'Activity character number sort agent.'),
    (24, 'Joseph Weaver', 'Robert', '1984-04-30', FALSE,  'https://barnes.com/', 'https://instagram.com/vdavis', 'https://dummyimage.com/34x500', 'Nothing control best degree look.'),
    (25, 'Ruben Williams', 'Stephanie', '2006-11-30', FALSE,  'http://english.net/', 'https://instagram.com/stephaniethompson', 'https://dummyimage.com/749x491', 'Hot radio avoid standard far easy most.'),
    (26, 'Timothy Holloway', 'Elizabeth', '1996-10-24', FALSE,  'http://mcdonald.com/', 'https://instagram.com/marie26', 'https://placeimg.com/852/933/any', 'Good determine see religious source standard who marriage.'),
    (27, 'Amanda Dennis', 'David', '1971-01-11', FALSE,  'https://osborn.com/', 'https://instagram.com/jbass', 'https://placekitten.com/42/737', 'Serious work bed.'),
    (28, 'David Campos', 'Justin', '1985-01-10', FALSE,  'http://www.miller.com/', 'https://instagram.com/bvasquez', 'https://www.lorempixel.com/437/722', 'Religious production Republican debate cost loss.'),
    (29, 'Alicia Cameron MD', 'Matthew', '1971-11-30', FALSE,  'http://peterson.com/', 'https://instagram.com/nguyenbradley', 'https://placekitten.com/892/342', 'Staff tough fill choice.'),
    (30, 'Mrs. Mariah Dawson DDS', 'Eric', '1992-07-21', FALSE,  'https://gibson.biz/', 'https://instagram.com/stephen54', 'https://placeimg.com/368/843/any', 'Also my upon however claim message answer.'),
    (31, 'Larry Foster', 'Tiffany', '1991-09-16', TRUE,  'https://www.donaldson.com/', 'https://instagram.com/glenn32', 'https://www.lorempixel.com/701/1004', 'Policy national figure black technology at.'),
    (32, 'Harry Schroeder', 'Karen', '1996-06-10', TRUE,  'https://hester-santana.com/', 'https://instagram.com/tjohnson', 'https://www.lorempixel.com/544/648', 'Three manager answer political price.'),
    (33, 'William Gay MD', 'Sherry', '2005-09-03', TRUE,  'https://stewart.com/', 'https://instagram.com/carlygardner', 'https://placeimg.com/381/373/any', 'Catch quality peace plan into person third.'),
    (34, 'Gabriel Powers', 'Joshua', '2004-12-27', TRUE,  'http://www.edwards.info/', 'https://instagram.com/bryanalvarez', 'https://dummyimage.com/854x367', 'Scientist tough deep thus full between.'),
    (35, 'Wesley Pope', 'Carolyn', '1974-06-19', TRUE, 'http://king.net/', 'https://instagram.com/johnjohnson', 'https://placeimg.com/885/872/any', 'In poor most financial yourself TV analysis minute.'),
    (36, 'Christopher Hurst', 'Amanda', '1996-04-23', TRUE,  'https://turner.com/', 'https://instagram.com/michaeldavis', 'https://dummyimage.com/37x591', 'Positive outside research ok child paper.'),
    (37, 'Nicole Lopez', 'Dawn', '1964-07-27', TRUE, 'http://www.murray-rivera.com/', 'https://instagram.com/swilliams', 'https://dummyimage.com/252x443', 'Plant share there law front.'),
    (38, 'Bruce Scott', 'Mallory', '1987-08-05', TRUE, 'http://www.barrett.com/', 'https://instagram.com/kwilliams', 'https://placeimg.com/363/121/any', 'Notice ago degree knowledge.'),
    (39, 'Catherine Taylor', 'Maria', '1988-10-11', TRUE, 'https://www.reed.com/', 'https://instagram.com/michael61', 'https://dummyimage.com/627x332', 'Activity when home yes population.'),
    (40, 'Timothy Edwards', 'Lisa', '1975-08-17', TRUE,  'http://parks-thornton.biz/', 'https://instagram.com/odonnellmadeline', 'https://www.lorempixel.com/86/847', 'Treat describe information she management get.'),
    (41, 'Kimberly Calderon', 'Elizabeth', '1980-04-10', TRUE, 'http://jensen-green.org/', 'https://instagram.com/joshua55', 'https://dummyimage.com/788x439', 'School she heavy listen pattern behind try.'),
    (42, 'Julie Jenkins', 'Shannon', '1989-12-25', TRUE,  'http://www.adams.com/', 'https://instagram.com/jamesfreeman', 'https://placekitten.com/668/121', 'Blue end event enjoy fact risk marriage idea.'),
    (43, 'Mrs. Angela Hunter', 'Misty', '1978-07-25', TRUE, 'https://torres-sparks.com/', 'https://instagram.com/vhubbard', 'https://placeimg.com/334/242/any', 'Way should because in nearly significant around.'),
    (44, 'Deborah Patel', 'Monica', '1986-03-29', TRUE,  'https://www.mills-dixon.com/', 'https://instagram.com/stuartjoshua', 'https://placekitten.com/616/255', 'Age money staff whatever and example.'),
    (45, 'Troy Smith', 'Natalie', '2001-04-19', TRUE,  'https://www.williams.net/', 'https://instagram.com/igalloway', 'https://placekitten.com/111/449', 'Employee a reach stuff head environment water interest.'),
    (46, 'Sean Lewis', 'Steven', '1983-07-26', TRUE,  'https://www.jensen.com/', 'https://instagram.com/hawkinskatrina', 'https://dummyimage.com/488x793', 'Sure similar mention concern.'),
    (47, 'Joseph Petty', 'Raymond', '1975-10-01', TRUE,  'http://lopez-cox.com/', 'https://instagram.com/acevedosteven', 'https://placeimg.com/645/31/any', 'Spring move open blood explain such company.'),
    (48, 'Jennifer Warren', 'Christine', '1984-07-10', TRUE,  'https://www.schneider-fisher.net/', 'https://instagram.com/davidbrown', 'https://www.lorempixel.com/880/611', 'Seem special course out yard strong skin.'),
    (49, 'Mary Young', 'Steven', '2002-05-04', TRUE,  'http://hill.com/', 'https://instagram.com/alvaradomadison', 'https://dummyimage.com/523x542', 'Somebody hour service executive material item second miss.'),
    (50, 'Michael Bass', 'Mary', '1973-06-27', TRUE,  'https://www.stephenson-rivera.org/', 'https://instagram.com/brooksolivia', 'https://placekitten.com/231/729', 'Expect activity hit international hotel develop mother.');

    INSERT INTO Artist_music_genres (artist_id, music_genre_id)
    VALUES
    (1, 2),
    (1, 1),
    (2, 3),
    (2, 2),
    (3, 4),
    (3, 3),
    (4, 5),
    (4, 1),
    (5, 2),
    (5, 4),
    (6, 1),
    (6, 2),
    (7, 3),
    (7, 1),
    (8, 5),
    (8, 3),
    (9, 4),
    (9, 1),
    (10, 5),
    (10, 2),
    (11, 3),
    (11, 2),
    (12, 4),
    (12, 3),
    (13, 5),
    (13, 4),
    (14, 2),
    (14, 1),
    (15, 2),
    (15, 5),
    (16, 4),
    (16, 5),
    (17, 3),
    (17, 5),
    (18, 1),
    (18, 5),
    (19, 5),
    (19, 1),
    (20, 2),
    (20, 5),
    (21, 3),
    (21, 5),
    (22, 4),
    (22, 2),
    (23, 2),
    (23, 4),
    (24, 1),
    (24, 4),
    (25, 3),
    (25, 4),
    (26, 2),
    (26, 1),
    (27, 2),
    (27, 5),
    (28, 3),
    (28, 1),
    (29, 5),
    (29, 2),
    (30, 1),
    (30, 4),
    (31, 3),
    (31, 5),
    (32, 2),
    (32, 4),
    (33, 5),
    (33, 4),
    (34, 3),
    (34, 5),
    (35, 3),
    (35, 1),
    (36, 1),
    (36, 5),
    (37, 4),
    (37, 1),
    (38, 1),
    (38, 2),
    (39, 3),
    (39, 1),
    (40, 2),
    (40, 3),
    (41, 5),
    (41, 1),
    (42, 1),
    (42, 2),
    (43, 4),
    (43, 5),
    (44, 1),
    (44, 5),
    (45, 4),
    (45, 2),
    (46, 5),
    (46, 1),
    (47, 3),
    (47, 4),
    (48, 3),
    (48, 2),
    (49, 5),
    (49, 4),
    (50, 5),
    (50, 3);

    INSERT INTO Artist_sub_music_genres (artist_id, sub_music_genre_id)
    VALUES
    (1, 11),
    (1, 13),
    (2, 13),
    (2, 12),
    (3, 13),
    (3, 12),
    (4, 9),
    (4, 11),
    (5, 2),
    (5, 8),
    (6, 9),
    (6, 5),
    (7, 2),
    (7, 11),
    (8, 5),
    (8, 1),
    (9, 13),
    (9, 10),
    (10, 6),
    (10, 1),
    (11, 6),
    (11, 1),
    (12, 10),
    (12, 7),
    (13, 13),
    (13, 5),
    (14, 10),
    (14, 13),
    (15, 1),
    (15, 2),
    (16, 7),
    (16, 10),
    (17, 11),
    (17, 5),
    (18, 6),
    (18, 10),
    (19, 6),
    (19, 11),
    (20, 2),
    (20, 12),
    (21, 4),
    (21, 3),
    (22, 7),
    (22, 2),
    (23, 3),
    (23, 8),
    (24, 2),
    (24, 9),
    (25, 4),
    (25, 2),
    (26, 12),
    (26, 3),
    (27, 12),
    (27, 4),
    (28, 9),
    (28, 7),
    (29, 7),
    (29, 11),
    (30, 7),
    (30, 12),
    (31, 3),
    (31, 12),
    (32, 2),
    (32, 10),
    (33, 5),
    (33, 4),
    (34, 13),
    (34, 6),
    (35, 5),
    (35, 2),
    (36, 13),
    (36, 9),
    (37, 5),
    (37, 3),
    (38, 3),
    (38, 7),
    (39, 9),
    (39, 13),
    (40, 12),
    (40, 7),
    (41, 1),
    (41, 6),
    (42, 6),
    (42, 1),
    (43, 5),
    (43, 2),
    (44, 13),
    (44, 2),
    (45, 1),
    (45, 3),
    (46, 1),
    (46, 5),
    (47, 7),
    (47, 4),
    (48, 6),
    (48, 7),
    (49, 1),
    (49, 2),
    (50, 11),
    (50, 8);


    /*Populate Band Table*/
    INSERT INTO Band (band_id, name, formation_date, member_list, instagram, website, photo_url, photo_description) 
    VALUES
    (1, 'Erickson LLC', '2023-12-08', 'Alexander Mckay, Thomas Brown, Emily Price', 'https://instagram.com/mclark', 'https://www.frederick-miller.com/', 'https://placekitten.com/222/557', 'Pass subject woman admit early prepare community.'),
    (2, 'Williams, Rodriguez and Christensen', '2005-08-31', 'Kimberly Lawson DDS, Alicia Wilson, Jill Byrd, Lisa Smith, Jamie Smith, Cheryl Frank', 'https://instagram.com/aking', 'http://thompson.net/', 'https://www.lorempixel.com/182/354', 'Miss accept change son.'),
    (3, 'Tucker-Jackson', '2011-11-18', 'Jessica Thompson, Nathan Dickerson, Mrs. Brenda Davis, Melvin Kim', 'https://instagram.com/qjimenez', 'http://www.jimenez.com/', 'https://dummyimage.com/479x452', 'None join language.'),
    (4, 'Harris-Rivera', '1999-05-06', 'Robert Ward, Jennifer Green, Tamara Brown, Don Moore, Tracy Thomas, Lisa Arnold', 'https://instagram.com/gabriel20', 'https://martinez.net/', 'https://placeimg.com/108/21/any', 'Turn arm here trial while teach.'),
    (5, 'Beck, Lewis and Kaiser', '1998-05-11', 'Donald Hayes, Patrick Taylor, Johnny Hoover, Brian Green, Anthony Leon, Wesley Robinson', 'https://instagram.com/brenthill', 'http://www.morgan.info/', 'https://placeimg.com/420/794/any', 'Wide pattern street by here cultural firm.'),
    (6, 'Rodriguez Inc', '1999-05-04', 'Mr. Chad Powell, Amanda Simpson, Nicole Schwartz, Melissa Rhodes, Melissa Morrow, Garrett Gentry', 'https://instagram.com/johnsontiffany', 'https://www.norman.com/', 'https://placekitten.com/874/902', 'Fall pressure various great agree.'),
    (7, 'Garrett, Allen and Todd', '2003-03-30', 'Randy Rodgers, Heather Garcia, Amanda Howard, Daniel Wilkins, Steven Gibson', 'https://instagram.com/davidbooker', 'https://harris-diaz.com/', 'https://placekitten.com/88/237', 'Analysis officer financial week enter.'),
    (8, 'Jackson LLC', '2001-08-27', 'Robert Blackwell, Dawn Ryan, Todd Schmidt, Rebecca Parsons, Angela Snyder, Angela Simmons', 'https://instagram.com/ztyler', 'http://www.trevino.net/', 'https://placeimg.com/112/4/any', 'Know friend senior action.'),
    (9, 'Murphy, Buck and Cantrell', '2011-04-08', 'Dustin Hancock, Barbara Brown, Amy Park, Daniel Wilcox, Jasmine Henderson', 'https://instagram.com/sarahthornton', 'https://www.swanson.com/', 'https://placeimg.com/648/760/any', 'Probably answer speak use strong service pattern.'),
    (10, 'Nelson and Sons', '2021-10-29', 'Amanda Hahn, Emily Sullivan, Jason Mosley', 'https://instagram.com/igonzales', 'http://fisher.com/', 'https://www.lorempixel.com/424/1014', 'Understand politics leader few cost catch.'),
    (11, 'Rogers Inc', '2016-10-13', 'Nichole Beck, Randy Guzman, Natalie Richardson', 'https://instagram.com/kelly96', 'https://chandler-gould.com/', 'https://placeimg.com/275/372/any', 'He suddenly interest.'),
    (12, 'Kirk PLC', '1999-02-02', 'Ryan Morris, Roberto Lewis, Jeffery Miller, Justin Mckenzie', 'https://instagram.com/helen31', 'http://www.willis.com/', 'https://placeimg.com/35/79/any', 'Down or civil white.'),
    (13, 'Short-Mcgee', '2003-04-06', 'David Green, Barbara Martin, Deborah Rogers, Heather Allen', 'https://instagram.com/parkersean', 'https://gardner.com/', 'https://placekitten.com/517/835', 'Hit other day pay simply.'),
    (14, 'Dawson and Sons', '2010-09-08', 'Amy Brown, Elizabeth Foster, Denise Stevenson, William Roberts, Gregory Martinez', 'https://instagram.com/williamcraig', 'https://www.brock-lopez.com/', 'https://dummyimage.com/488x733', 'However onto maybe raise to unit very.'),
    (15, 'Fleming Group', '2015-07-07', 'Lisa Sullivan, Jorge Neal, Cathy Shaw', 'https://instagram.com/gomezstacy', 'https://www.lopez-austin.com/', 'https://dummyimage.com/824x364', 'Generation piece kind near us free.');
    
    /*Populate Belongs to Table*/
    INSERT INTO Belongs_to (artist_id, band_id) 
    VALUES
    (1, 2),
    (2, 3),
    (3, 4),
    (4, 5),
    (5, 6),
    (6, 7),
    (7, 8),
    (8, 9),
    (9, 10),
    (10, 11),
    (11, 12),
    (12, 13),
    (13, 14),
    (14, 15),
    (15, 1),
    (16, 2),
    (17, 3),
    (18, 4),
    (19, 5),
    (20, 6),
    (21, 7),
    (22, 8),
    (23, 9),
    (24, 10),
    (25, 11),
    (26, 12),
    (27, 13),
    (28, 14),
    (29, 15),
    (30, 1);

    INSERT INTO Performs (performs_id, artist_id, band_id) VALUES
    (1, 1, NULL),
    (2, 2, NULL),
    (3, NULL, 1),
    (4, NULL, 2),
    (5, 1, NULL),
    (6, 1, NULL),
    (7, 1, NULL),
    (8, 2, NULL),    
    (9, 3, NULL),    
    (10, 4, NULL),   
    (11, 5, NULL),   
    (12, 6, NULL),   
    (13, 7, NULL),
    (14, 8, NULL),
    (15, 9, NULL),
    (16, 10, NULL),
    (17, 11, NULL),
    (18, NULL, 3),   
    (19, NULL, 4),
    (20, NULL, 5),
    (21, NULL, 6),
    (22, NULL, 7),
    (23, NULL, 8),
    (24, NULL, 9),
    (25, NULL, 10),
    (26, NULL, 11),
    (27, 12, NULL),
    (28, 13, NULL),
    (29, 14, NULL),
    (30, 15, NULL),
    (31, 16, NULL),
    (32, 17, NULL),
    (33, 18, NULL),
    (34, 19, NULL),
    (35, 20, NULL),
    (36, NULL, 12),
    (37, NULL, 13),
    (38, NULL, 14),
    (39, NULL, 15),
    (40, 21, NULL),
    (41, 22, NULL),
    (42, 23, NULL),
    (43, 24, NULL),
    (44, 25, NULL),
    (45, 26, NULL),
    (46, 27, NULL),
    (47, 28, NULL),
    (48, 29, NULL),
    (49, 30, NULL),
    (50, 1, NULL),
    (51, 1, NULL),
    (52, 1, NULL),
    (53, 1, NULL),
    (54, 1, NULL),
    (55, 1, NULL),
    (56, 1, NULL),
    (57, 1, NULL),
    (58, 2, NULL),
    (59, 2, NULL),
    (60, 2, NULL),
    (61, 3, NULL),
    (62, 3, NULL),
    (63, 4, NULL),
    (64, 4, NULL);

    /*Populate Performances Table (testing for question 2)*/
    INSERT INTO Performance (performance_id, event_id, performs_id, type_of_performance, duration, start_time, end_time, photo_url, photo_description)
    VALUES
    (1, 1, 1, 'Headline', 2.0, '18:00:00', '20:00:00', 'url', 'desc'),
    (2, 1, 4, 'Warm Up', 1.5, '16:00:00', '17:30:00', 'url', 'desc'),
    (3, 2, 5, 'Warm Up', 1.0, '14:00:00', '15:00:00', 'url', 'desc'),
    (4, 3, 6, 'Warm Up', 1.0, '14:00:00', '15:00:00', 'url', 'desc'),
    (5, 1, 7, 'Warm Up', 1.5, '14:00:00', '15:30:00', 'url', 'desc'),
    (6, 2, 8, 'Warm Up', 1.0, '15:10:00', '16:10:00', 'https://dummyimage.com/200x100.png', 'Warm-up artist starting the evening.'),
    (7, 2, 9, 'Special Guest', 1.5, '16:20:00', '17:50:00', 'https://dummyimage.com/200x100.png', 'Surprise special guest performance.'),
    (8, 2, 10, 'Headline', 2.0, '18:00:00', '20:00:00', 'https://dummyimage.com/200x100.png', 'Main artist closing the night.'),
    (9, 3, 11, 'Special Guest', 1.0, '15:10:00', '16:10:00', 'https://dummyimage.com/200x100.png', 'Opening performance for the sunset.'),
    (10, 3, 12, 'Headline', 2.0, '16:20:00', '18:20:00', 'https://dummyimage.com/200x100.png', 'Sunset headliner playing their biggest hits.'),
    (11, 4, 13, 'Warm Up', 1.0, '14:00:00', '15:00:00', 'https://dummyimage.com/200x100.png', 'Get the crowd going.'),
    (12, 4, 14, 'Special Guest', 1.5, '15:15:00', '16:45:00', 'https://dummyimage.com/200x100.png', 'Special guest performer.'),
    (13, 4, 15, 'Headline', 2.0, '17:00:00', '19:00:00', 'https://dummyimage.com/200x100.png', 'Top billing artist.'),
    (14, 5, 16, 'Warm Up', 1.0, '14:00:00', '15:00:00', 'https://dummyimage.com/200x100.png', 'Early set for acoustic vibes.'),
    (15, 5, 17, 'Headline', 2.0, '15:15:00', '17:15:00', 'https://dummyimage.com/200x100.png', 'Chilled acoustic headline performance.'),
    (16, 6, 18, 'Warm Up', 1.0, '14:00:00', '15:00:00', 'https://dummyimage.com/200x100.png', 'Get the indie mood started.'),
    (17, 6, 19, 'Special Guest', 1.0, '15:10:00', '16:10:00', 'https://dummyimage.com/200x100.png', 'Alternative Indie special performance.'),
    (18, 6, 20, 'Headline', 2.0, '16:25:00', '18:25:00', 'https://dummyimage.com/200x100.png', 'Headliner for Indie Spirit.'),
    (19, 7, 21, 'Warm Up', 1.0, '14:00:00', '15:00:00', 'https://dummyimage.com/200x100.png', 'Pre-funk warm-up act.'),
    (20, 7, 22, 'Special Guest', 1.5, '15:15:00', '16:45:00', 'https://dummyimage.com/200x100.png', 'Funk guest star.'),
    (21, 7, 23, 'Headline', 2.0, '17:00:00', '19:00:00', 'https://dummyimage.com/200x100.png', 'Night of Funk finale.'),
    (22, 8, 24, 'Warm Up', 1.0, '14:00:00', '15:00:00', 'https://dummyimage.com/200x100.png', 'Reggae starter vibes.'),
    (23, 8, 25, 'Special Guest', 1.0, '15:10:00', '16:10:00', 'https://dummyimage.com/200x100.png', 'Island guest singer.'),
    (24, 8, 26, 'Headline', 2.0, '16:20:00', '18:20:00', 'https://dummyimage.com/200x100.png', 'Headline reggae band.'),
    (25, 9, 27, 'Warm Up', 1.0, '15:00:00', '16:00:00', 'https://dummyimage.com/200x100.png', 'Tropical techno opening.'),
    (26, 9, 28, 'Headline', 2.0, '16:10:00', '18:10:00', 'https://dummyimage.com/200x100.png', 'Live techno headline act.'),
    (27, 10, 29, 'Warm Up', 1.0, '14:00:00', '15:00:00', 'https://dummyimage.com/200x100.png', 'Intro to hip-hop night.'),
    (28, 10, 30, 'Special Guest', 1.5, '15:10:00', '16:40:00', 'https://dummyimage.com/200x100.png', 'Freestyle rap special.'),
    (29, 10, 31, 'Headline', 2.0, '16:50:00', '18:50:00', 'https://dummyimage.com/200x100.png', 'Main hip-hop crew.'),
    (30, 11, 32, 'Warm Up', 1.0, '15:30:00', '16:30:00', 'https://dummyimage.com/200x100.png', 'Pre-cypher warmup.'),
    (31, 11, 33, 'Headline', 2.0, '16:45:00', '18:45:00', 'https://dummyimage.com/200x100.png', 'Live rap battles.'),
    (32, 12, 34, 'Warm Up', 1.0, '14:00:00', '15:00:00', 'https://dummyimage.com/200x100.png', 'Intro to alt-rock.'),
    (33, 12, 35, 'Special Guest', 1.0, '15:15:00', '16:15:00', 'https://dummyimage.com/200x100.png', 'Alt-rock guest.'),
    (34, 12, 36, 'Headline', 2.0, '16:30:00', '18:30:00', 'https://dummyimage.com/200x100.png', 'Alternative rock main act.'),
    (35, 38, 37, 'Warm Up', 1.0, '14:00:00', '15:00:00', 'https://dummyimage.com/200x100.png', 'Experimental warm-up.'),
    (36, 38, 38, 'Special Guest', 1.0, '15:10:00', '16:10:00', 'https://dummyimage.com/200x100.png', 'Ambient glitch artist.'),
    (37, 38, 39, 'Headline', 2.0, '16:25:00', '18:25:00', 'https://dummyimage.com/200x100.png', 'Lead Sound Architect act.'),
    (38, 39, 40, 'Warm Up', 1.0, '13:30:00', '14:30:00', 'https://dummyimage.com/200x100.png', 'Opening world music mix.'),
    (39, 39, 41, 'Headline', 2.0, '14:45:00', '16:45:00', 'https://dummyimage.com/200x100.png', 'Peace-focused vocal performance.'),
    (40, 40, 42, 'Warm Up', 1.0, '15:00:00', '16:00:00', 'https://dummyimage.com/200x100.png', 'Community choir opener.'),
    (41, 40, 43, 'Special Guest', 1.5, '16:10:00', '17:40:00', 'https://dummyimage.com/200x100.png', 'Global guest ensemble.'),
    (42, 40, 44, 'Warm Up', 2.0, '18:00:00', '20:00:00', 'https://dummyimage.com/200x100.png', 'Multinational unity singers.'),
    (43, 13, 24, 'Headline', 2.0, '18:00:00', '20:00:00', 'https://dummyimage.com/200x100.png', 'Indie Chill closing act.'),
    (44, 14, 25, 'Special Guest', 2.0, '18:00:00', '20:00:00', 'https://dummyimage.com/200x100.png', 'Explosive EDM experience.'),
    (45, 15, 26, 'Headline', 2.0, '18:00:00', '20:00:00', 'https://dummyimage.com/200x100.png', 'Deep trance sound journey.'),
    (46, 16, 27, 'Warm Up', 2.0, '18:00:00', '20:00:00', 'https://dummyimage.com/200x100.png', 'Folk music celebration.'),
    (47, 17, 28, 'Headline', 2.0, '18:00:00', '20:00:00', 'https://dummyimage.com/200x100.png', 'Multicultural fusion performance.'),
    (48, 18, 29, 'Special Guest', 2.0, '18:00:00', '20:00:00', 'https://dummyimage.com/200x100.png', 'Futuristic beats and visuals.'),
    (49, 19, 30, 'Headline', 2.0, '18:00:00', '20:00:00', 'https://dummyimage.com/200x100.png', 'Immersive VR DJ show.'),
    (50, 20, 31, 'Special Guest', 2.0, '18:00:00', '20:00:00', 'https://dummyimage.com/200x100.png', 'Live unity performance.'),
    (51, 21, 32, 'Warm Up', 2.0, '18:00:00', '20:00:00', 'https://dummyimage.com/200x100.png', 'Raw punk chaos.'),
    (52, 22, 33, 'Headline', 2.0, '18:00:00', '20:00:00', 'https://dummyimage.com/200x100.png', 'Symphonic sunset finale.'),
    (53, 23, 34, 'Special Guest', 2.0, '18:00:00', '20:00:00', 'https://dummyimage.com/200x100.png', 'Tunnel techno rave.'),
    (54, 24, 35, 'Headline', 2.0, '18:00:00', '20:00:00', 'https://dummyimage.com/200x100.png', 'Soulful Sunday vocals.'),
    (55, 25, 36, 'Special Guest', 2.0, '18:00:00', '20:00:00', 'https://dummyimage.com/200x100.png', 'Hard rock energy.'),
    (56, 26, 37, 'Warm Up', 2.0, '18:00:00', '20:00:00', 'https://dummyimage.com/200x100.png', 'Urban vibes and rhymes.'),
    (57, 27, 38, 'Headline', 2.0, '18:00:00', '20:00:00', 'https://dummyimage.com/200x100.png', 'Latin night carnival.'),
    (58, 28, 39, 'Headline', 2.0, '18:00:00', '20:00:00', 'https://dummyimage.com/200x100.png', 'Tiki beach vibes.'),
    (59, 29, 40, 'Special Guest', 2.0, '18:00:00', '20:00:00', 'https://dummyimage.com/200x100.png', 'Trap music legends.'),
    (60, 30, 41, 'Headline', 2.0, '18:00:00', '20:00:00', 'https://dummyimage.com/200x100.png', 'Powerful lyrical show.'),
    (61, 31, 42, 'Special Guest', 2.0, '18:00:00', '20:00:00', 'https://dummyimage.com/200x100.png', 'Neo-Soul main act.'),
    (62, 32, 43, 'Warm Up', 2.0, '18:00:00', '20:00:00', 'https://dummyimage.com/200x100.png', 'Indie groove headline.'),
    (63, 33, 44, 'Headline', 2.0, '18:00:00', '20:00:00', 'https://dummyimage.com/200x100.png', 'Power hour EDM.'),
    (64, 34, 45, 'Headline', 2.0, '18:00:00', '20:00:00', 'https://dummyimage.com/200x100.png', 'AI meets live music.'),
    (65, 35, 46, 'Special Guest', 2.0, '18:00:00', '20:00:00', 'https://dummyimage.com/200x100.png', 'Mountain-inspired folk.'),
    (66, 36, 47, 'Warm Up', 2.0, '18:00:00', '20:00:00', 'https://dummyimage.com/200x100.png', 'Village choirs and traditions.'),
    (67, 37, 48, 'Special Guest', 2.0, '18:00:00', '20:00:00', 'https://dummyimage.com/200x100.png', 'Glitch-hop frenzy.'),
    (68, 38, 50, 'Warm Up', 1.0, '14:00:00', '15:00:00', 'url', 'Extra performance for artist_id 1'),
    (69, 39, 51, 'Headline', 2.0, '17:00:00', '19:00:00', 'https://dummyimage.com/200x100.png', 'Adjusted for proper brake constraint'),
    (70, 40, 52, 'Special Guest', 1.5, '20:30:00', '22:00:00', 'url', 'Collab appearance'),
    (71, 21, 53, 'Warm Up', 1.0, '20:20:00', '21:20:00', 'url', 'Side event show'),
    (72, 22, 54, 'Headline', 2.0, '20:20:00', '22:20:00', 'url', 'Prime time set'),
    (73, 23, 55, 'Special Guest', 1.5, '20:20:00', '21:50:00', 'url', 'Special guest appearance'),
    (74, 24, 56, 'Warm Up', 1.0, '20:20:00', '21:20:00', 'url', 'Early day set'),
    (75, 25, 57, 'Headline', 2.0, '20:20:00', '22:20:00', 'url', 'Final night appearance'),
    (76, 26, 58, 'Warm Up', 1.0, '20:10:00', '21:10:00', 'url', 'Artist 2 warm-up set'),
    (77, 27, 59, 'Headline', 2.0, '20:10:00', '22:00:00', 'url', 'Big performance'),
    (78, 28, 60, 'Special Guest', 1.5, '20:10:00', '21:40:00', 'url', 'Collab appearance'),
    (79, 29, 61, 'Warm Up', 1.0, '20:10:00', '21:10:00', 'url', 'Opening for rock'),
    (80, 30, 62, 'Headline', 2.0, '20:10:00', '22:10:00', 'url', 'Lead act'),
    (81, 31, 63, 'Warm Up', 1.0, '20:10:00', '21:10:00', 'url', 'New stage appearance'),
    (82, 32, 64, 'Headline', 2.0, '20:10:00', '22:10:00', 'url', 'Late night headline');
    
    /*Populate visitor*/
    INSERT INTO Visitor (visitor_id, name, surname, age, email, phone_number, photo_url, photo_description)
    VALUES
    (1, 'Christos', 'Iliak', 18, 'sad@gmail.com', '3245823598', NULL, NULL),
    (2, 'Jessica', 'Smith', 78, 'andreayang@lewis.biz', '349-205-1094', NULL, NULL),
    (3, 'Jennifer', 'Wright', 71, 'fortega@alexander.com', '525.695.7372', NULL, NULL),
    (4, 'Michele', 'George', 63, 'donna22@yahoo.com', '(642)984-3607x38539', NULL, NULL),
    (5, 'Samantha', 'Mahoney', 48, 'etyler@curry.biz', '(268)467-1120x433', NULL, NULL),
    (6, 'Tyler', 'Bowers', 23, 'amurray@hotmail.com', '+1-900-542-6104x199', NULL, NULL),
    (7, 'Morgan', 'Lopez', 77, 'jessicasandoval@yahoo.com', '+1-563-434-9639x3574', NULL, NULL),
    (8, 'Kendra', 'Malone', 18, 'megan74@hotmail.com', '346.331.4088x954', NULL, NULL),
    (9, 'Angela', 'Garcia', 32, 'bboyle@porter-hall.com', '+1-238-243-7780x3096', NULL, NULL),
    (10, 'Larry', 'Cook', 89, 'marcus59@johnson.com', '667-201-7080x1843', NULL, NULL),
    (11, 'William', 'Roberts', 51, 'poliver@valenzuela.com', '118-331-5852x751', NULL, NULL),
    (12, 'Joshua', 'Perry', 27, 'trevor66@zamora-houston.com', '+1-631-816-2550x3973', NULL, NULL),
    (13, 'Brandon', 'Jones', 33, 'tolson@hotmail.com', '(344)697-7043', NULL, NULL),
    (14, 'Ryan', 'Richards', 25, 'mary55@santos.com', '(623)196-1554', NULL, NULL),
    (15, 'Joshua', 'Pena', 55, 'ccabrera@hernandez.net', '+1-995-460-2271x8125', NULL, NULL),
    (16, 'Shelby', 'Brooks', 14, 'avelez@fuller.org', '+1-158-274-9086x7815', NULL, NULL),
    (17, 'Jessica', 'Williams', 90, 'uhall@yahoo.com', '+1-620-830-0149x010', NULL, NULL),
    (18, 'Ernest', 'Gill', 41, 'xkeith@yahoo.com', '001-345-578-5063x155', NULL, NULL),
    (19, 'Jennifer', 'Cohen', 62, 'denniswalker@yahoo.com', '6757328427', NULL, NULL),
    (20, 'Justin', 'Singh', 51, 'shenderson@barr.org', '001-576-383-0941x919', NULL, NULL),
    (21, 'Larry', 'Parker', 33, 'yescobar@hotmail.com', '693-973-1093', NULL, NULL),
    (22, 'Michael', 'White', 49, 'nicole58@doyle.info', '(270)643-5844', NULL, NULL),
    (23, 'Joseph', 'Oneill', 15, 'lauragreen@zimmerman.info', '001-530-815-5325x493', NULL, NULL),
    (24, 'Michael', 'Payne', 43, 'hoganlauren@yahoo.com', '719-616-7229x28726', NULL, NULL),
    (25, 'Stacy', 'Johnson', 26, 'barrerabryce@hotmail.com', '001-235-724-7363x247', NULL, NULL),
    (26, 'Kelly', 'Foster', 53, 'hardingsydney@hotmail.com', '+1-305-989-2424x462', NULL, NULL),
    (27, 'Tyler', 'Rice', 87, 'emitchell@yahoo.com', '001-731-726-1004x002', NULL, NULL),
    (28, 'John', 'Jennings', 76, 'lauren78@oliver-parsons.com', '758-874-6054x2311', NULL, NULL),
    (29, 'Daniel', 'Harris', 35, 'timothysmith@powers-kelly.com', '+1-862-712-0393x0845', NULL, NULL),
    (30, 'Lisa', 'Mccarthy', 87, 'nathan90@blackburn.info', '001-171-669-3925x669', NULL, NULL);


    INSERT INTO Ticket (ticket_id, event_id, visitor_id, ticket_type_id, purchase_date, price, payment_method_id, ean_code, used, photo_url, photo_description)
    VALUES
    (1, 1, 1, 1, '2025-06-02 14:30:00', 120.00, 1, '1234567890123', FALSE, NULL, NULL),
    (2, 1, 1, 1, '2025-06-03 14:00:00', 130.00, 1, '1234567890155', FALSE, NULL, NULL),
    (3, 21, 22, 1, '2025-05-15', 93.77, 3, '1000000000003', FALSE, NULL, NULL),
    (4, 6, 28, 1, '2025-05-22', 111.14, 1, '1000000000004', TRUE, NULL, NULL),
    (5, 13, 27, 1, '2025-06-25', 164.34, 1, '1000000000005', TRUE, NULL, NULL),
    (6, 4, 14, 3, '2025-05-22', 108.84, 1, '1000000000006', TRUE, NULL, NULL),
    (7, 35, 11, 3, '2025-05-19', 138.46, 1, '1000000000007', FALSE, NULL, NULL),
    (8, 39, 2, 3, '2025-06-05', 124.31, 3, '1000000000008', TRUE, NULL, NULL),
    (9, 22, 9, 2, '2025-06-21', 66.11, 3, '1000000000009', TRUE, NULL, NULL),
    (10, 2, 5, 1, '2025-06-18', 51.05, 2, '1000000000010', FALSE, NULL, NULL),
    (11, 34, 9, 2, '2025-05-21', 65.73, 3, '1000000000011', FALSE, NULL, NULL),
    (12, 8, 12, 1, '2025-06-11', 56.32, 3, '1000000000012', TRUE, NULL, NULL),
    (13, 11, 17, 3, '2025-06-01', 161.5, 1, '1000000000013', FALSE, NULL, NULL),
    (14, 7, 2, 3, '2025-05-24', 119.33, 3, '1000000000014', FALSE, NULL, NULL),
    (15, 39, 5, 2, '2025-05-28', 60.15, 1, '1000000000015', FALSE, NULL, NULL),
    (16, 25, 29, 2, '2025-05-10', 145.12, 1, '1000000000016', FALSE, NULL, NULL),
    (17, 32, 7, 3, '2025-06-24', 66.3, 1, '1000000000017', TRUE, NULL, NULL),
    (18, 19, 28, 2, '2025-05-06', 110.08, 2, '1000000000018', FALSE, NULL, NULL),
    (19, 3, 20, 1, '2025-05-03', 82.43, 1, '1000000000019', TRUE, NULL, NULL),
    (20, 35, 20, 3, '2025-05-17', 91.33, 3, '1000000000020', FALSE, NULL, NULL),
    (21, 31, 5, 1, '2025-06-18', 82.69, 1, '1000000000021', FALSE, NULL, NULL),
    (22, 40, 8, 3, '2025-05-28', 149.86, 3, '1000000000022', TRUE, NULL, NULL),
    (23, 37, 29, 2, '2025-05-06', 120.17, 2, '1000000000023', TRUE, NULL, NULL),
    (24, 30, 8, 2, '2025-05-09', 156.61, 2, '1000000000024', TRUE, NULL, NULL),
    (25, 7, 25, 3, '2025-06-27', 167.83, 1, '1000000000025', TRUE, NULL, NULL),
    (26, 32, 11, 2, '2025-05-16', 119.97, 3, '1000000000026', TRUE, NULL, NULL),
    (27, 4, 18, 1, '2025-05-22', 164.98, 1, '1000000000027', TRUE, NULL, NULL),
    (28, 30, 3, 2, '2025-06-18', 68.61, 2, '1000000000028', FALSE, NULL, NULL),
    (29, 22, 8, 2, '2025-06-29', 193.75, 1, '1000000000029', TRUE, NULL, NULL),
    (30, 40, 16, 1, '2025-06-11', 138.62, 1, '1000000000030', TRUE, NULL, NULL),
    (31, 33, 14, 1, '2025-05-23', 181.12, 2, '1000000000031', FALSE, NULL, NULL),
    (32, 40, 30, 3, '2025-05-20', 71.42, 1, '1000000000032', TRUE, NULL, NULL),
    (33, 20, 26, 3, '2025-05-13', 115.8, 2, '1000000000033', TRUE, NULL, NULL),
    (34, 14, 14, 3, '2025-06-16', 85.25, 2, '1000000000034', TRUE, NULL, NULL),
    (35, 27, 21, 3, '2025-05-30', 199.84, 1, '1000000000035', FALSE, NULL, NULL),
    (36, 29, 16, 3, '2025-06-11', 82.14, 2, '1000000000036', TRUE, NULL, NULL),
    (37, 37, 27, 2, '2025-06-13', 88.22, 1, '1000000000037', TRUE, NULL, NULL),
    (38, 14, 24, 3, '2025-06-06', 121.02, 2, '1000000000038', TRUE, NULL, NULL),
    (39, 7, 16, 2, '2025-06-15', 58.9, 2, '1000000000039', FALSE, NULL, NULL),
    (40, 40, 26, 2, '2025-06-06', 137.59, 1, '1000000000040', TRUE, NULL, NULL),
    (41, 9, 14, 2, '2025-06-28', 71.68, 2, '1000000000041', FALSE, NULL, NULL),
    (42, 10, 19, 2, '2025-06-28', 80.85, 3, '1000000000042', TRUE, NULL, NULL),
    (43, 7, 2, 2, '2025-05-15', 75.43, 2, '1000000000043', TRUE, NULL, NULL),
    (44, 28, 4, 3, '2025-05-14', 147.17, 3, '1000000000044', FALSE, NULL, NULL),
    (45, 16, 24, 1, '2025-05-27', 123.87, 1, '1000000000045', TRUE, NULL, NULL),
    (46, 5, 21, 1, '2025-05-10', 164.35, 2, '1000000000046', TRUE, NULL, NULL),
    (47, 35, 6, 1, '2025-06-09', 118.2, 1, '1000000000047', TRUE, NULL, NULL),
    (48, 26, 2, 3, '2025-05-14', 91.67, 1, '1000000000048', TRUE, NULL, NULL),
    (49, 18, 26, 3, '2025-06-19', 92.65, 3, '1000000000049', TRUE, NULL, NULL),
    (50, 10, 10, 3, '2025-06-04', 88.94, 1, '1000000000050', FALSE, NULL, NULL),
    (51, 8, 17, 2, '2025-06-14', 189.44, 3, '1000000000051', TRUE, NULL, NULL),
    (52, 26, 1, 1, '2025-05-02', 165.25, 1, '1000000000052', FALSE, NULL, NULL),
    (53, 14, 29, 2, '2025-05-19', 54.63, 2, '1000000000053', FALSE, NULL, NULL),
    (54, 4, 22, 2, '2025-05-16', 118.88, 3, '1000000000054', FALSE, NULL, NULL),
    (55, 32, 20, 1, '2025-06-14', 173.19, 2, '1000000000055', TRUE, NULL, NULL),
    (56, 32, 21, 1, '2025-05-09', 132.94, 1, '1000000000056', FALSE, NULL, NULL),
    (57, 34, 5, 3, '2025-05-18', 170.85, 1, '1000000000057', FALSE, NULL, NULL),
    (58, 33, 23, 1, '2025-05-19', 160.04, 3, '1000000000058', TRUE, NULL, NULL),
    (59, 4, 30, 3, '2025-05-20', 177.73, 3, '1000000000059', FALSE, NULL, NULL),
    (60, 7, 20, 3, '2025-06-18', 75.7, 2, '1000000000060', FALSE, NULL, NULL),
    (61, 5, 24, 1, '2025-06-17', 162.61, 1, '1000000000061', TRUE, NULL, NULL),
    (62, 34, 10, 2, '2025-05-15', 157.11, 1, '1000000000062', TRUE, NULL, NULL),
    (63, 16, 21, 1, '2025-06-14', 100.27, 2, '1000000000063', FALSE, NULL, NULL),
    (64, 37, 16, 2, '2025-05-28', 198.53, 1, '1000000000064', TRUE, NULL, NULL),
    (65, 35, 26, 3, '2025-06-02', 183.57, 1, '1000000000065', TRUE, NULL, NULL),
    (66, 26, 19, 3, '2025-06-09', 63.04, 1, '1000000000066', TRUE, NULL, NULL),
    (67, 30, 21, 3, '2025-05-14', 89.2, 2, '1000000000067', TRUE, NULL, NULL),
    (68, 22, 6, 1, '2025-06-15', 195.55, 1, '1000000000068', TRUE, NULL, NULL),
    (69, 24, 16, 2, '2025-05-31', 95.34, 2, '1000000000069', FALSE, NULL, NULL),
    (70, 13, 14, 1, '2025-05-19', 127.06, 2, '1000000000070', FALSE, NULL, NULL),
    (71, 10, 16, 2, '2025-05-25', 134.03, 2, '1000000000071', TRUE, NULL, NULL),
    (72, 38, 10, 1, '2025-05-21', 124.89, 1, '1000000000072', TRUE, NULL, NULL),
    (73, 36, 1, 2, '2025-05-04', 125.43, 2, '1000000000073', TRUE, NULL, NULL),
    (74, 27, 10, 3, '2025-06-18', 55.93, 2, '1000000000074', TRUE, NULL, NULL),
    (75, 18, 26, 3, '2025-05-01', 113.71, 3, '1000000000075', TRUE, NULL, NULL),
    (76, 27, 3, 1, '2025-06-02', 86.37, 3, '1000000000076', TRUE, NULL, NULL),
    (77, 14, 1, 2, '2025-06-12', 131.49, 1, '1000000000077', TRUE, NULL, NULL),
    (78, 10, 13, 3, '2025-06-02', 63.93, 2, '1000000000078', FALSE, NULL, NULL),
    (79, 8, 1, 3, '2025-05-13', 171.11, 1, '1000000000079', FALSE, NULL, NULL),
    (80, 27, 7, 2, '2025-05-25', 50.56, 3, '1000000000080', FALSE, NULL, NULL),
    (81, 20, 16, 3, '2025-06-03', 119.63, 1, '1000000000081', FALSE, NULL, NULL),
    (82, 17, 23, 3, '2025-06-16', 142.17, 3, '1000000000082', TRUE, NULL, NULL),
    (83, 23, 29, 1, '2025-06-28', 171.02, 3, '1000000000083', TRUE, NULL, NULL),
    (84, 33, 15, 1, '2025-06-22', 112.36, 3, '1000000000084', FALSE, NULL, NULL),
    (85, 34, 19, 3, '2025-05-30', 188.12, 2, '1000000000085', TRUE, NULL, NULL),
    (86, 32, 21, 1, '2025-05-03', 166.31, 3, '1000000000086', TRUE, NULL, NULL),
    (87, 35, 26, 2, '2025-05-29', 184.63, 3, '1000000000087', FALSE, NULL, NULL),
    (88, 37, 12, 1, '2025-06-19', 108.33, 1, '1000000000088', FALSE, NULL, NULL),
    (89, 36, 25, 2, '2025-06-23', 196.95, 3, '1000000000089', FALSE, NULL, NULL),
    (90, 29, 2, 3, '2025-06-06', 194.85, 2, '1000000000090', TRUE, NULL, NULL),
    (91, 7, 22, 3, '2025-05-10', 147.36, 3, '1000000000091', FALSE, NULL, NULL),
    (92, 17, 18, 1, '2025-06-09', 72.42, 1, '1000000000092', FALSE, NULL, NULL),
    (93, 23, 13, 1, '2025-05-09', 99.95, 2, '1000000000093', TRUE, NULL, NULL),
    (94, 38, 14, 1, '2025-05-11', 127.88, 3, '1000000000094', TRUE, NULL, NULL),
    (95, 35, 7, 3, '2025-06-01', 149.17, 1, '1000000000095', FALSE, NULL, NULL),
    (96, 23, 1, 1, '2025-05-02', 119.52, 3, '1000000000096', TRUE, NULL, NULL),
    (97, 18, 15, 1, '2025-05-24', 87.41, 3, '1000000000097', TRUE, NULL, NULL),
    (98, 15, 7, 1, '2025-06-25', 146.67, 1, '1000000000098', TRUE, NULL, NULL),
    (99, 16, 18, 2, '2025-06-10', 194.86, 2, '1000000000099', FALSE, NULL, NULL),
    (100, 33, 25, 3, '2025-05-02', 104.61, 2, '1000000000100', TRUE, NULL, NULL),
    (101, 12, 10, 3, '2025-06-06', 67.92, 1, '1000000000101', TRUE, NULL, NULL),
    (102, 8, 1, 2, '2025-05-25', 187.8, 2, '1000000000102', FALSE, NULL, NULL),
    (103, 15, 13, 1, '2025-05-20', 96.92, 1, '1000000000103', FALSE, NULL, NULL),
    (104, 29, 18, 1, '2025-05-09', 77.13, 1, '1000000000104', FALSE, NULL, NULL),
    (105, 2, 22, 3, '2025-05-25', 185.54, 2, '1000000000105', FALSE, NULL, NULL),
    (106, 31, 9, 2, '2025-06-09', 83.25, 3, '1000000000106', FALSE, NULL, NULL),
    (107, 33, 11, 2, '2025-06-14', 114.75, 3, '1000000000107', TRUE, NULL, NULL),
    (108, 39, 21, 1, '2025-05-27', 78.46, 1, '1000000000108', FALSE, NULL, NULL),
    (109, 25, 23, 1, '2025-06-25', 137.73, 3, '1000000000109', FALSE, NULL, NULL),
    (110, 24, 16, 2, '2025-05-13', 50.15, 2, '1000000000110', TRUE, NULL, NULL),
    (111, 4, 27, 1, '2025-05-13', 175.37, 2, '1000000000111', FALSE, NULL, NULL),
    (112, 20, 9, 2, '2025-06-08', 124.49, 2, '1000000000112', TRUE, NULL, NULL),
    (113, 35, 21, 1, '2025-05-26', 188.5, 1, '1000000000113', FALSE, NULL, NULL),
    (114, 24, 29, 1, '2025-05-29', 134.69, 1, '1000000000114', FALSE, NULL, NULL),
    (115, 19, 4, 3, '2025-06-04', 97.41, 2, '1000000000115', FALSE, NULL, NULL),
    (116, 5, 4, 2, '2025-05-23', 107.26, 3, '1000000000116', TRUE, NULL, NULL),
    (117, 32, 30, 2, '2025-05-16', 69.93, 3, '1000000000117', TRUE, NULL, NULL),
    (118, 6, 2, 2, '2025-05-25', 162.48, 1, '1000000000118', FALSE, NULL, NULL),
    (119, 18, 30, 1, '2025-06-14', 190.27, 3, '1000000000119', TRUE, NULL, NULL),
    (120, 9, 16, 2, '2025-06-30', 143.08, 2, '1000000000120', TRUE, NULL, NULL),
    (121, 8, 17, 1, '2025-05-06', 139.14, 3, '1000000000121', FALSE, NULL, NULL),
    (122, 15, 24, 3, '2025-05-12', 126.67, 1, '1000000000122', FALSE, NULL, NULL),
    (123, 1, 30, 3, '2025-06-03', 63.31, 1, '1000000000123', FALSE, NULL, NULL),
    (124, 6, 26, 2, '2025-05-16', 130.8, 3, '1000000000124', TRUE, NULL, NULL),
    (125, 10, 27, 1, '2025-05-09', 152.53, 3, '1000000000125', FALSE, NULL, NULL),
    (126, 9, 2, 3, '2025-05-18', 79.34, 1, '1000000000126', TRUE, NULL, NULL),
    (127, 40, 1, 3, '2025-06-19', 66.33, 1, '1000000000127', FALSE, NULL, NULL),
    (128, 7, 3, 1, '2025-05-08', 84.1, 3, '1000000000128', FALSE, NULL, NULL),
    (129, 36, 10, 2, '2025-06-28', 100.56, 2, '1000000000129', TRUE, NULL, NULL),
    (130, 38, 16, 2, '2025-06-05', 118.11, 1, '1000000000130', FALSE, NULL, NULL),
    (131, 27, 8, 3, '2025-05-09', 117.17, 1, '1000000000131', TRUE, NULL, NULL),
    (132, 8, 28, 3, '2025-06-02', 148.39, 3, '1000000000132', FALSE, NULL, NULL),
    (133, 16, 20, 2, '2025-05-02', 134.98, 2, '1000000000133', TRUE, NULL, NULL),
    (134, 26, 16, 1, '2025-05-02', 92.46, 1, '1000000000134', TRUE, NULL, NULL),
    (135, 3, 24, 3, '2025-06-15', 138.72, 3, '1000000000135', FALSE, NULL, NULL),
    (136, 30, 22, 1, '2025-05-22', 116.87, 2, '1000000000136', TRUE, NULL, NULL),
    (137, 2, 25, 2, '2025-06-23', 163.57, 1, '1000000000137', TRUE, NULL, NULL),
    (138, 21, 5, 3, '2025-05-30', 59.73, 1, '1000000000138', TRUE, NULL, NULL),
    (139, 5, 7, 2, '2025-05-26', 157.21, 2, '1000000000139', TRUE, NULL, NULL),
    (140, 26, 22, 1, '2025-06-23', 52.62, 1, '1000000000140', FALSE, NULL, NULL),
    (141, 27, 25, 2, '2025-05-28', 97.92, 3, '1000000000141', FALSE, NULL, NULL),
    (142, 11, 13, 3, '2025-06-08', 118.27, 3, '1000000000142', FALSE, NULL, NULL),
    (143, 1, 24, 1, '2025-06-23', 114.77, 2, '1000000000143', TRUE, NULL, NULL),
    (144, 38, 29, 1, '2025-05-08', 92.92, 1, '1000000000144', FALSE, NULL, NULL),
    (145, 22, 19, 2, '2025-06-20', 192.45, 3, '1000000000145', TRUE, NULL, NULL),
    (146, 16, 7, 1, '2025-06-01', 194.61, 2, '1000000000146', FALSE, NULL, NULL),
    (147, 30, 8, 1, '2025-06-14', 147.12, 3, '1000000000147', TRUE, NULL, NULL),
    (148, 29, 19, 3, '2025-05-20', 129.76, 2, '1000000000148', TRUE, NULL, NULL),
    (149, 27, 7, 3, '2025-05-26', 117.46, 3, '1000000000149', FALSE, NULL, NULL),
    (150, 8, 25, 3, '2025-05-07', 117.22, 1, '1000000000150', TRUE, NULL, NULL),
    (151, 27, 8, 2, '2025-06-13', 194.04, 1, '1000000000151', TRUE, NULL, NULL),
    (152, 18, 8, 2, '2025-05-29', 189.51, 1, '1000000000152', TRUE, NULL, NULL),
    (153, 19, 13, 3, '2025-05-29', 146.3, 3, '1000000000153', TRUE, NULL, NULL),
    (154, 11, 5, 1, '2025-06-27', 120.47, 2, '1000000000154', FALSE, NULL, NULL),
    (155, 34, 13, 1, '2025-06-17', 194.56, 3, '1000000000155', FALSE, NULL, NULL),
    (156, 9, 14, 1, '2025-05-27', 184.79, 1, '1000000000156', TRUE, NULL, NULL),
    (157, 31, 2, 1, '2025-06-30', 164.36, 2, '1000000000157', TRUE, NULL, NULL),
    (158, 9, 10, 3, '2025-05-26', 71.75, 3, '1000000000158', TRUE, NULL, NULL),
    (159, 31, 15, 2, '2025-05-12', 140.42, 1, '1000000000159', FALSE, NULL, NULL),
    (160, 39, 14, 1, '2025-05-01', 197.34, 3, '1000000000160', FALSE, NULL, NULL),
    (161, 4, 18, 2, '2025-05-11', 159.78, 1, '1000000000161', TRUE, NULL, NULL),
    (162, 34, 2, 3, '2025-06-11', 121.33, 2, '1000000000162', FALSE, NULL, NULL),
    (163, 22, 10, 3, '2025-06-10', 139.82, 3, '1000000000163', FALSE, NULL, NULL),
    (164, 27, 30, 1, '2025-06-02', 84.16, 2, '1000000000164', TRUE, NULL, NULL),
    (165, 25, 10, 1, '2025-06-29', 81.43, 2, '1000000000165', FALSE, NULL, NULL),
    (166, 30, 15, 3, '2025-05-02', 155.77, 3, '1000000000166', TRUE, NULL, NULL),
    (167, 28, 1, 1, '2025-06-08', 168.9, 3, '1000000000167', TRUE, NULL, NULL),
    (168, 14, 30, 1, '2025-06-02', 153.88, 2, '1000000000168', FALSE, NULL, NULL),
    (169, 24, 19, 2, '2025-05-28', 63.79, 1, '1000000000169', TRUE, NULL, NULL),
    (170, 22, 28, 3, '2025-05-12', 109.07, 2, '1000000000170', TRUE, NULL, NULL),
    (171, 20, 7, 3, '2025-06-18', 58.68, 1, '1000000000171', FALSE, NULL, NULL),
    (172, 32, 3, 2, '2025-05-16', 73.5, 3, '1000000000172', TRUE, NULL, NULL),
    (173, 38, 25, 2, '2025-05-26', 113.59, 2, '1000000000173', FALSE, NULL, NULL),
    (174, 1, 5, 2, '2025-06-16', 81.28, 1, '1000000000174', TRUE, NULL, NULL),
    (175, 40, 25, 3, '2025-06-09', 125.12, 3, '1000000000175', FALSE, NULL, NULL),
    (176, 39, 16, 2, '2025-06-23', 120.97, 3, '1000000000176', FALSE, NULL, NULL),
    (177, 15, 16, 1, '2025-06-30', 174.25, 2, '1000000000177', TRUE, NULL, NULL),
    (178, 3, 18, 2, '2025-06-29', 53.46, 2, '1000000000178', TRUE, NULL, NULL),
    (179, 29, 26, 1, '2025-06-14', 194.26, 1, '1000000000179', FALSE, NULL, NULL),
    (180, 5, 15, 3, '2025-06-11', 104.17, 3, '1000000000180', TRUE, NULL, NULL),
    (181, 19, 25, 1, '2025-06-04', 98.89, 3, '1000000000181', TRUE, NULL, NULL),
    (182, 27, 6, 3, '2025-05-30', 51.92, 3, '1000000000182', TRUE, NULL, NULL),
    (183, 23, 30, 2, '2025-06-04', 87.69, 1, '1000000000183', FALSE, NULL, NULL),
    (184, 36, 6, 1, '2025-05-07', 118.13, 2, '1000000000184', FALSE, NULL, NULL),
    (185, 28, 14, 2, '2025-05-26', 80.03, 1, '1000000000185', TRUE, NULL, NULL),
    (186, 26, 5, 2, '2025-06-18', 194.61, 2, '1000000000186', FALSE, NULL, NULL),
    (187, 20, 5, 1, '2025-06-13', 130.61, 2, '1000000000187', FALSE, NULL, NULL),
    (188, 37, 27, 3, '2025-05-25', 161.29, 3, '1000000000188', TRUE, NULL, NULL),
    (189, 21, 18, 3, '2025-06-27', 167.41, 3, '1000000000189', TRUE, NULL, NULL),
    (190, 31, 29, 3, '2025-05-28', 125.14, 1, '1000000000190', FALSE, NULL, NULL),
    (191, 31, 30, 3, '2025-05-05', 70.65, 2, '1000000000191', FALSE, NULL, NULL),
    (192, 16, 14, 1, '2025-05-21', 137.52, 2, '1000000000192', TRUE, NULL, NULL),
    (193, 36, 20, 3, '2025-05-11', 158.13, 3, '1000000000193', TRUE, NULL, NULL),
    (194, 18, 30, 3, '2025-06-27', 95.89, 1, '1000000000194', TRUE, NULL, NULL),
    (195, 13, 4, 3, '2025-05-12', 137.1, 3, '1000000000195', TRUE, NULL, NULL),
    (196, 28, 4, 3, '2025-05-16', 146.18, 3, '1000000000196', TRUE, NULL, NULL),
    (197, 15, 30, 1, '2025-05-10', 130.14, 2, '1000000000197', TRUE, NULL, NULL),
    (198, 12, 18, 1, '2025-05-22', 153.78, 2, '1000000000198', TRUE, NULL, NULL),
    (199, 19, 19, 2, '2025-05-19', 196.82, 3, '1000000000199', TRUE, NULL, NULL),
    (200, 35, 23, 3, '2025-06-03', 188.83, 2, '1000000000200', TRUE, NULL, NULL),
    (201, 38, 4, 3, '2025-05-27', 108.22, 2, '1000000000201', TRUE, NULL, NULL),
    (202, 3, 28, 2, '2025-05-21', 120.26, 3, '1000000000202', FALSE, NULL, NULL),
    (203, 1, 11, 3, '2025-05-07', 194.58, 3, '10000000002203', FALSE, NULL, NULL),
    (204, 1, 18, 3, '2025-05-10', 116.75, 3, '10000000002204', FALSE, NULL, NULL),
    (205, 1, 26, 2, '2025-05-11', 136.35, 2, '10000000002205', FALSE, NULL, NULL),
    (206, 1, 6, 3, '2025-05-27', 78.01, 3, '10000000002206', FALSE, NULL, NULL),
    (207, 1, 22, 2, '2025-05-16', 60.36, 3, '10000000002207', FALSE, NULL, NULL),
    (208, 1, 25, 2, '2025-05-29', 72.43, 1, '10000000002208', FALSE, NULL, NULL),

    (209, 2, 27, 2, '2025-05-29', 154.90, 3, '10000000002209', FALSE, NULL, NULL),
    (210, 2, 22, 2, '2025-05-27', 155.79, 2, '10000000002210', FALSE, NULL, NULL),
    (211, 2, 17, 3, '2025-05-28', 82.28, 3, '10000000002211', FALSE, NULL, NULL),
    (212, 2, 19, 2, '2025-05-19', 91.28, 2, '10000000002212', FALSE, NULL, NULL),
    (213, 2, 22, 3, '2025-05-23', 187.54, 2, '10000000002213', FALSE, NULL, NULL),
    (214, 2, 3, 2, '2025-05-20', 67.30, 3, '10000000002214', FALSE, NULL, NULL),
    (215, 2, 21, 2, '2025-05-28', 78.56, 1, '10000000002215', FALSE, NULL, NULL),

    (216, 33, 24, 2, '2025-05-04', 155.80, 2, '10000000002216', FALSE, NULL, NULL),
    (217, 33, 26, 3, '2025-05-11', 113.92, 1, '10000000002217', FALSE, NULL, NULL),
    (218, 33, 4, 2, '2025-05-28', 154.65, 1, '10000000002218', FALSE, NULL, NULL),
    (219, 33, 27, 3, '2025-05-21', 186.50, 3, '10000000002219', FALSE, NULL, NULL),
    (220, 33, 20, 3, '2025-05-03', 54.00, 3, '10000000002220', FALSE, NULL, NULL);



    INSERT INTO Resale_Buyer (buyer_id, name, surname, age, email, phone_number, photo_url, photo_description) 
    VALUES
    (1, 'Alexandra', 'Papadopoulou', 28, 'alexandra.p@example.com', '+306912345678', 'http://dummyimage.com/200x100.png/5fa2dd/ffffff', 'Profile photo of Alexandra at a concert.'),    
    (2, 'George', 'Andreadis', 34, 'george.andreadis@example.com', '+306911234567', 'http://dummyimage.com/200x100.png/ff4444/ffffff', 'George enjoying live rock music.'),
    (3, 'Maria', 'Ioannou', 29, 'maria.ioannou@example.com', '+306912345679', 'http://dummyimage.com/200x100.png/007bff/ffffff', 'Maria posing with stage lights.'),
    (4, 'Kostas', 'Papanikolaou', 45, 'kostas.p@example.com', '+306913456780', 'http://dummyimage.com/200x100.png/5fa2dd/ffffff', 'Kostas at an acoustic set.'),
    (5, 'Eleni', 'Karagianni', 22, 'eleni.k@example.com', '+306914567891', 'http://dummyimage.com/200x100.png/28a745/ffffff', 'Eleni dancing at the main stage.'),
    (6, 'Nikos', 'Mitsotakis', 38, 'nikos.m@example.com', '+306915678902', 'http://dummyimage.com/200x100.png/6f42c1/ffffff', 'Nikos at an indie concert.'),
    (7, 'Dimitra', 'Panagiotopoulou', 31, 'dimitra.p@example.com', '+306916789013', 'http://dummyimage.com/200x100.png/ffc107/000000', 'Dimitra and friends vibing.'),
    (8, 'Michalis', 'Alexiou', 27, 'michalis.a@example.com', '+306917890124', 'http://dummyimage.com/200x100.png/cc0000/ffffff', 'Michalis with festival wristbands.'),
    (9, 'Anna', 'Georgiou', 24, 'anna.g@example.com', '+306918901235', 'http://dummyimage.com/200x100.png/dddddd/000000', 'Anna with face paint at a rave.'),
    (10, 'Spyros', 'Koutras', 40, 'spyros.k@example.com', '+306919012346', 'http://dummyimage.com/200x100.png/007bff/ffffff', 'Spyros enjoying electronic night.'),
    (11, 'Vasiliki', 'Douka', 36, 'vasiliki.d@example.com', '+306920123457', 'http://dummyimage.com/200x100.png/5fa2dd/ffffff', 'Vasiliki near the food trucks.'),
    (12, 'Giannis', 'Kouris', 33, 'giannis.k@example.com', '+306921234568', 'http://dummyimage.com/200x100.png/28a745/ffffff', 'Giannis attending with his band.'),
    (13, 'Stella', 'Makri', 30, 'stella.m@example.com', '+306922345679', 'http://dummyimage.com/200x100.png/6f42c1/ffffff', 'Stella at the front row.'),
    (14, 'Christos', 'Zervos', 35, 'christos.z@example.com', '+306923456780', 'http://dummyimage.com/200x100.png/ffc107/000000', 'Christos with LED bracelets.'),
    (15, 'Georgia', 'Lambrou', 26, 'georgia.l@example.com', '+306924567891', 'http://dummyimage.com/200x100.png/cc0000/ffffff', 'Georgia under the fireworks.'),
    (16, 'Apostolos', 'Venieris', 29, 'apostolos.v@example.com', '+306925678902', 'http://dummyimage.com/200x100.png/dddddd/000000', 'Apostolos taking selfies at the dome.');
    

    /*To check the trigger for resale queue insertion run first the demand queue inserts and then these*/
    INSERT INTO Resale_Queue (resale_id, ticket_id, seller_id, listing_date, price, status) 
    VALUES 
    (1, 2, 1, CURDATE(), 130.00, FALSE),
    (2, 123, 30, CURDATE(), 63.31, FALSE),
    (3, 203, 11, CURDATE(), 194.58, FALSE),
    (4, 10, 5, CURDATE(), 51.05, FALSE);

    INSERT INTO Demand_Queue (demand_id, buyer_id, preferred_ticket_type, preferred_event_id, request_date, status)
    VALUES
    (1, 1, 1, 1, '2025-04-01', FALSE),
    (2, 2, 3, 1, '2025-04-02', FALSE),
    (3, 3, 3, 1, '2025-04-03', FALSE),
    (4, 4, 1, 2, '2025-04-04', FALSE);
    


    /*TODO: Correct the queries and the queue of insertion of them*/